"Id. de pedido";"Producto";"Precio por unidad";"Cantidad";"Descuento";"F6"
11335;11;$ 14,00;12;0,00;0
11335;42;$ 9,80;10;0,00;0
11335;72;$ 34,80;5;0,00;0
11336;14;$ 18,60;9;0,00;0
11336;51;$ 42,40;40;0,00;0
11337;41;$ 7,70;10;0,00;0
11337;51;$ 42,40;35;0,15;0
11337;65;$ 16,80;15;0,15;0
11338;22;$ 16,80;6;0,05;0
11338;57;$ 15,60;15;0,05;0
11338;65;$ 16,80;20;0,00;0
11339;20;$ 64,80;40;0,05;0
11339;33;$ 2,00;25;0,05;0
11339;60;$ 27,20;40;0,00;0
11340;31;$ 10,00;20;0,00;0
11340;39;$ 14,40;42;0,00;0
11340;49;$ 16,00;40;0,00;0
11341;24;$ 3,60;15;0,15;0
11341;55;$ 19,20;21;0,15;0
11341;74;$ 8,00;21;0,00;0
11342;2;$ 15,20;20;0,00;0
11342;16;$ 13,90;35;0,00;0
11342;36;$ 15,20;25;0,00;0
11342;59;$ 44,00;30;0,00;0
11343;53;$ 26,20;15;0,00;0
11343;77;$ 10,40;12;0,00;0
11344;27;$ 35,10;25;0,00;0
11344;39;$ 14,40;6;0,00;0
11344;77;$ 10,40;15;0,00;0
11345;2;$ 15,20;50;0,20;0
11345;5;$ 17,00;65;0,20;0
11345;32;$ 25,60;6;0,20;0
11346;21;$ 8,00;10;0,00;0
11346;37;$ 20,80;1;0,00;0
11347;41;$ 7,70;16;0,25;0
11347;57;$ 15,60;50;0,00;0
11347;62;$ 39,40;15;0,25;0
11347;70;$ 12,00;21;0,25;0
11348;21;$ 8,00;20;0,00;0
11348;35;$ 14,40;20;0,00;0
11349;5;$ 17,00;12;0,20;0
11349;7;$ 24,00;15;0,00;0
11349;56;$ 30,40;2;0,00;0
11350;16;$ 13,90;60;0,25;0
11350;24;$ 3,60;28;0,00;0
11350;30;$ 20,70;60;0,25;0
11350;74;$ 8,00;36;0,25;0
11351;2;$ 15,20;35;0,00;0
11351;41;$ 7,70;25;0,15;0
11352;17;$ 31,20;30;0,00;0
11352;70;$ 12,00;20;0,00;0
11353;12;$ 30,40;12;0,05;0
11354;40;$ 14,70;50;0,00;0
11354;59;$ 44,00;70;0,15;0
11354;76;$ 14,40;15;0,15;0
11355;29;$ 99,00;10;0,00;0
11355;72;$ 27,80;4;0,00;0
11356;33;$ 2,00;60;0,05;0
11356;72;$ 27,80;20;0,05;0
11357;36;$ 15,20;30;0,00;0
11357;43;$ 36,80;25;0,00;0
11358;33;$ 2,00;24;0,00;0
11359;20;$ 64,80;6;0,00;0
11359;31;$ 10,00;40;0,00;0
11359;72;$ 27,80;24;0,00;0
11360;10;$ 24,80;24;0,05;0
11360;31;$ 10,00;15;0,05;0
11360;33;$ 2,00;20;0,00;0
11360;40;$ 14,70;60;0,05;0
11360;76;$ 14,40;33;0,05;0
11361;71;$ 17,20;20;0,00;0
11361;72;$ 27,80;7;0,00;0
11362;24;$ 3,60;12;0,05;0
11362;59;$ 44,00;6;0,05;0
11363;10;$ 24,80;15;0,00;0
11363;13;$ 4,80;10;0,00;0
11364;28;$ 36,40;20;0,00;0
11364;62;$ 39,40;12;0,00;0
11365;44;$ 15,50;16;0,00;0
11365;59;$ 44,00;15;0,00;0
11365;63;$ 35,10;8;0,00;0
11365;73;$ 12,00;25;0,00;0
11366;17;$ 31,20;15;0,25;0
11367;24;$ 3,60;12;0,00;0
11367;55;$ 19,20;20;0,00;0
11367;75;$ 6,20;30;0,00;0
11368;19;$ 7,30;1;0,00;0
11368;24;$ 3,60;6;0,00;0
11368;35;$ 14,40;4;0,00;0
11369;30;$ 20,70;6;0,00;0
11369;57;$ 15,60;2;0,00;0
11370;15;$ 12,40;20;0,00;0
11370;19;$ 7,30;18;0,00;0
11370;60;$ 27,20;35;0,00;0
11370;72;$ 27,80;3;0,00;0
11371;27;$ 35,10;15;0,25;0
11371;44;$ 15,50;21;0,00;0
11371;60;$ 27,20;20;0,25;0
11371;67;$ 11,20;5;0,25;0
11372;1;$ 14,40;45;0,20;0
11372;40;$ 14,70;40;0,20;0
11372;53;$ 26,20;36;0,20;0
11373;35;$ 14,40;100;0,00;0
11373;62;$ 39,40;40;0,00;0
11374;16;$ 13,90;40;0,15;0
11374;34;$ 11,20;20;0,00;0
11374;46;$ 9,60;15;0,15;0
11375;54;$ 5,90;10;0,10;0
11375;68;$ 10,00;3;0,10;0
11376;3;$ 8,00;30;0,00;0
11376;64;$ 26,60;9;0,00;0
11377;5;$ 17,00;20;0,00;0
11377;29;$ 99,00;15;0,00;0
11377;49;$ 16,00;15;0,00;0
11377;77;$ 10,40;10;0,00;0
11378;13;$ 4,80;20;0,10;0
11378;44;$ 15,50;24;0,10;0
11378;51;$ 42,40;2;0,10;0
11379;20;$ 64,80;20;0,00;0
11380;18;$ 50,00;12;0,00;0
11380;24;$ 3,60;10;0,00;0
11380;63;$ 35,10;5;0,00;0
11380;75;$ 6,20;6;0,00;0
11381;1;$ 14,40;18;0,00;0
11381;17;$ 31,20;15;0,00;0
11381;43;$ 36,80;15;0,00;0
11381;60;$ 27,20;21;0,00;0
11381;75;$ 6,20;6;0,00;0
11382;56;$ 30,40;4;0,00;0
11383;11;$ 16,80;12;0,00;0
11383;16;$ 13,90;30;0,00;0
11383;69;$ 28,80;15;0,00;0
11384;39;$ 14,40;60;0,00;0
11384;72;$ 27,80;20;0,00;0
11385;2;$ 15,20;40;0,00;0
11385;36;$ 15,20;40;0,25;0
11385;59;$ 44,00;30;0,25;0
11385;62;$ 39,40;15;0,00;0
11386;19;$ 7,30;15;0,00;0
11386;70;$ 12,00;20;0,00;0
11387;66;$ 13,60;30;0,00;0
11387;68;$ 10,00;20;0,00;0
11388;40;$ 14,70;10;0,00;0
11388;56;$ 30,40;20;0,00;0
11389;17;$ 31,20;40;0,00;0
11389;28;$ 36,40;28;0,00;0
11389;43;$ 36,80;12;0,00;0
11390;40;$ 14,70;40;0,10;0
11390;65;$ 16,80;30;0,10;0
11390;68;$ 10,00;15;0,10;0
11391;49;$ 16,00;30;0,00;0
11391;59;$ 44,00;10;0,00;0
11391;71;$ 17,20;2;0,00;0
11392;18;$ 50,00;25;0,10;0
11392;29;$ 99,00;25;0,10;0
11392;39;$ 14,40;30;0,10;0
11393;30;$ 20,70;10;0,00;0
11393;53;$ 26,20;10;0,00;0
11393;54;$ 5,90;5;0,00;0
11394;62;$ 39,40;10;0,00;0
11394;68;$ 10,00;3;0,00;0
11395;69;$ 28,80;1;0,00;0
11395;70;$ 12,00;5;0,00;0
11396;4;$ 17,60;20;0,00;0
11396;6;$ 20,00;30;0,00;0
11396;42;$ 11,20;2;0,00;0
11396;43;$ 36,80;20;0,00;0
11396;71;$ 17,20;3;0,00;0
11397;16;$ 13,90;10;0,00;0
11397;62;$ 39,40;5;0,00;0
11398;42;$ 11,20;6;0,00;0
11398;69;$ 28,80;7;0,00;0
11399;28;$ 36,40;4;0,00;0
11399;43;$ 36,80;24;0,00;0
11399;53;$ 26,20;20;0,00;0
11399;75;$ 6,20;10;0,00;0
11400;36;$ 15,20;12;0,00;0
11401;32;$ 25,60;40;0,10;0
11401;58;$ 10,60;30;0,10;0
11401;62;$ 39,40;25;0,10;0
11402;34;$ 11,20;14;0,00;0
11402;70;$ 12,00;30;0,00;0
11403;41;$ 7,70;10;0,00;0
11403;62;$ 39,40;70;0,00;0
11404;1;$ 14,40;20;0,00;0
11405;41;$ 7,70;20;0,00;0
11405;76;$ 14,40;6;0,00;0
11406;17;$ 31,20;8;0,00;0
11406;28;$ 36,40;14;0,00;0
11406;76;$ 14,40;30;0,00;0
11407;71;$ 17,20;30;0,00;0
11408;35;$ 14,40;10;0,00;0
11409;52;$ 5,60;20;0,00;0
11410;15;$ 12,40;5;0,00;0
11410;25;$ 11,20;4;0,00;0
11410;39;$ 14,40;4;0,00;0
11411;16;$ 13,90;21;0,15;0
11411;35;$ 14,40;70;0,15;0
11411;46;$ 9,60;30;0,00;0
11411;59;$ 44,00;40;0,15;0
11411;63;$ 35,10;80;0,15;0
11412;6;$ 20,00;6;0,00;0
11412;13;$ 4,80;12;0,00;0
11412;14;$ 18,60;9;0,00;0
11412;31;$ 10,00;4;0,00;0
11412;72;$ 27,80;40;0,00;0
11413;4;$ 17,60;24;0,00;0
11413;57;$ 15,60;16;0,00;0
11413;75;$ 6,20;50;0,00;0
11414;2;$ 15,20;25;0,20;0
11414;11;$ 16,80;50;0,20;0
11414;30;$ 20,70;35;0,20;0
11414;58;$ 10,60;30;0,20;0
11415;59;$ 44,00;9;0,00;0
11415;65;$ 16,80;40;0,00;0
11415;68;$ 10,00;10;0,00;0
11416;19;$ 7,30;10;0,05;0
11416;30;$ 20,70;8;0,05;0
11416;38;$ 210,80;20;0,05;0
11416;56;$ 30,40;12;0,05;0
11417;26;$ 24,90;50;0,15;0
11417;72;$ 27,80;25;0,15;0
11418;54;$ 5,90;15;0,00;0
11419;18;$ 50,00;40;0,20;0
11419;42;$ 11,20;10;0,20;0
11419;47;$ 7,60;16;0,20;0
11420;14;$ 18,60;10;0,00;0
11420;21;$ 8,00;10;0,10;0
11420;71;$ 17,20;40;0,10;0
11421;52;$ 5,60;8;0,00;0
11421;68;$ 10,00;10;0,00;0
11422;2;$ 15,20;7;0,20;0
11422;31;$ 10,00;25;0,20;0
11422;32;$ 25,60;6;0,20;0
11422;51;$ 42,40;48;0,20;0
11423;4;$ 17,60;18;0,10;0
11424;23;$ 7,20;40;0,00;0
11424;26;$ 24,90;24;0,00;0
11424;36;$ 15,20;20;0,00;0
11424;37;$ 20,80;28;0,00;0
11424;72;$ 27,80;25;0,00;0
11425;17;$ 31,20;20;0,00;0
11425;30;$ 20,70;15;0,00;0
11426;4;$ 17,60;10;0,00;0
11426;17;$ 31,20;70;0,05;0
11426;62;$ 39,40;28;0,00;0
11427;18;$ 50,00;20;0,05;0
11427;41;$ 7,70;12;0,05;0
11427;43;$ 36,80;40;0,05;0
11428;33;$ 2,00;8;0,00;0
11428;59;$ 44,00;9;0,15;0
11429;2;$ 15,20;24;0,20;0
11429;31;$ 10,00;56;0,20;0
11429;36;$ 15,20;40;0,20;0
11429;55;$ 19,20;40;0,20;0
11430;64;$ 26,60;50;0,00;0
11430;68;$ 10,00;4;0,05;0
11430;76;$ 14,40;15;0,00;0
11431;4;$ 17,60;35;0,00;0
11431;8;$ 32,00;70;0,25;0
11432;8;$ 32,00;70;0,00;0
11432;19;$ 7,30;80;0,00;0
11432;42;$ 11,20;9;0,00;0
11433;17;$ 31,20;36;0,10;0
11433;56;$ 30,40;20;0,00;0
11434;25;$ 11,20;10;0,00;0
11434;39;$ 14,40;50;0,15;0
11434;40;$ 14,70;4;0,00;0
11434;75;$ 6,20;6;0,15;0
11435;1;$ 14,40;15;0,15;0
11435;23;$ 7,20;25;0,00;0
11436;54;$ 5,90;24;0,00;0
11437;50;$ 13,00;15;0,10;0
11437;69;$ 28,80;18;0,10;0
11438;38;$ 210,80;20;0,05;0
11438;41;$ 7,70;13;0,00;0
11438;44;$ 15,50;77;0,05;0
11438;65;$ 16,80;10;0,05;0
11439;24;$ 3,60;10;0,00;0
11439;54;$ 5,90;20;0,15;0
11440;11;$ 16,80;12;0,20;0
11440;38;$ 210,80;50;0,20;0
11441;1;$ 14,40;12;0,00;0
11441;29;$ 99,00;4;0,00;0
11442;24;$ 3,60;25;0,00;0
11442;57;$ 15,60;25;0,00;0
11443;31;$ 10,00;30;0,00;0
11443;55;$ 19,20;12;0,00;0
11443;69;$ 28,80;20;0,00;0
11444;10;$ 24,80;30;0,20;0
11444;26;$ 24,90;16;0,00;0
11444;60;$ 27,20;8;0,20;0
11445;24;$ 3,60;10;0,05;0
11445;34;$ 11,20;10;0,05;0
11445;36;$ 15,20;20;0,05;0
11446;16;$ 13,90;56;0,05;0
11446;31;$ 10,00;70;0,05;0
11446;60;$ 27,20;80;0,05;0
11447;28;$ 36,40;30;0,00;0
11447;29;$ 99,00;35;0,00;0
11447;38;$ 210,80;10;0,00;0
11447;49;$ 16,00;35;0,00;0
11447;54;$ 5,90;28;0,00;0
11448;39;$ 14,40;54;0,10;0
11448;60;$ 27,20;55;0,10;0
11449;25;$ 11,20;50;0,00;0
11449;51;$ 42,40;20;0,00;0
11449;54;$ 5,90;24;0,00;0
11450;31;$ 10,00;20;0,00;0
11450;75;$ 6,20;12;0,00;0
11450;76;$ 14,40;12;0,00;0
11451;69;$ 28,80;30;0,00;0
11451;71;$ 17,20;5;0,00;0
11452;11;$ 16,80;24;0,00;0
11453;65;$ 16,80;5;0,00;0
11453;77;$ 10,40;5;0,00;0
11454;34;$ 11,20;36;0,00;0
11454;54;$ 5,90;18;0,00;0
11454;65;$ 16,80;15;0,00;0
11454;77;$ 10,40;7;0,00;0
11455;21;$ 8,00;5;0,10;0
11455;28;$ 36,40;13;0,10;0
11455;57;$ 15,60;25;0,00;0
11455;64;$ 26,60;35;0,10;0
11456;29;$ 99,00;20;0,00;0
11456;56;$ 30,40;18;0,25;0
11457;1;$ 14,40;15;0,15;0
11457;64;$ 26,60;30;0,00;0
11457;74;$ 8,00;20;0,15;0
11458;36;$ 15,20;6;0,20;0
11459;20;$ 64,80;12;0,25;0
11459;38;$ 210,80;40;0,25;0
11459;60;$ 27,20;70;0,25;0
11459;72;$ 27,80;42;0,25;0
11460;58;$ 10,60;80;0,20;0
11460;71;$ 17,20;50;0,20;0
11461;31;$ 10,00;30;0,00;0
11461;58;$ 10,60;15;0,00;0
11462;14;$ 18,60;15;0,00;0
11462;54;$ 5,90;10;0,00;0
11463;31;$ 10,00;42;0,05;0
11464;28;$ 36,40;20;0,15;0
11464;39;$ 14,40;20;0,15;0
11465;71;$ 17,20;6;0,00;0
11466;41;$ 7,70;8;0,10;0
11466;63;$ 35,10;16;0,10;0
11466;65;$ 16,80;20;0,10;0
11467;30;$ 20,70;18;0,10;0
11467;53;$ 26,20;20;0,10;0
11467;60;$ 27,20;6;0,10;0
11467;70;$ 12,00;30;0,00;0
11468;74;$ 8,00;14;0,00;0
11469;5;$ 17,00;32;0,00;0
11469;18;$ 50,00;9;0,00;0
11469;29;$ 99,00;14;0,00;0
11469;33;$ 2,00;60;0,00;0
11469;74;$ 8,00;50;0,00;0
11470;13;$ 4,80;20;0,00;0
11470;50;$ 13,00;15;0,00;0
11470;56;$ 30,40;20;0,00;0
11471;20;$ 64,80;28;0,00;0
11471;60;$ 27,20;15;0,00;0
11472;7;$ 24,00;10;0,20;0
11472;60;$ 27,20;20;0,20;0
11472;68;$ 10,00;8;0,20;0
11473;24;$ 3,60;15;0,00;0
11473;34;$ 11,20;10;0,00;0
11474;24;$ 3,60;15;0,00;0
11474;28;$ 36,40;6;0,00;0
11474;59;$ 44,00;12;0,00;0
11474;71;$ 17,20;15;0,00;0
11475;45;$ 7,60;15;0,20;0
11475;52;$ 5,60;20;0,20;0
11475;53;$ 26,20;40;0,00;0
11476;10;$ 24,80;16;0,00;0
11476;55;$ 19,20;15;0,00;0
11476;62;$ 39,40;20;0,00;0
11476;70;$ 12,00;30;0,00;0
11477;31;$ 10,00;60;0,10;0
11477;35;$ 14,40;40;0,10;0
11477;46;$ 9,60;45;0,00;0
11477;72;$ 27,80;24;0,10;0
11478;13;$ 4,80;18;0,00;0
11479;69;$ 28,80;50;0,00;0
11480;2;$ 15,20;25;0,25;0
11480;14;$ 18,60;42;0,25;0
11480;25;$ 11,20;7;0,25;0
11480;26;$ 24,90;70;0,25;0
11480;31;$ 10,00;32;0,00;0
11481;13;$ 4,80;10;0,00;0
11481;62;$ 39,40;10;0,00;0
11482;46;$ 9,60;28;0,10;0
11482;53;$ 26,20;70;0,10;0
11482;69;$ 28,80;8;0,00;0
11483;23;$ 7,20;40;0,00;0
11483;71;$ 17,20;60;0,00;0
11483;72;$ 27,80;21;0,00;0
11484;21;$ 8,00;10;0,15;0
11484;51;$ 42,40;18;0,15;0
11485;35;$ 14,40;30;0,00;0
11485;55;$ 19,20;120;0,10;0
11486;68;$ 10,00;60;0,00;0
11486;71;$ 17,20;30;0,00;0
11486;76;$ 14,40;35;0,00;0
11486;77;$ 10,40;14;0,00;0
11487;29;$ 99,00;21;0,00;0
11487;35;$ 14,40;35;0,00;0
11487;49;$ 16,00;30;0,00;0
11488;30;$ 20,70;18;0,00;0
11488;56;$ 30,40;70;0,00;0
11488;65;$ 16,80;20;0,00;0
11488;71;$ 17,20;60;0,00;0
11489;23;$ 7,20;60;0,00;0
11489;63;$ 35,10;65;0,00;0
11490;16;$ 13,90;21;0,15;0
11490;48;$ 10,20;70;0,15;0
11491;26;$ 24,90;30;0,05;0
11491;42;$ 11,20;40;0,05;0
11491;49;$ 16,00;30;0,05;0
11492;3;$ 8,00;50;0,00;0
11493;1;$ 14,40;10;0,00;0
11493;21;$ 8,00;30;0,10;0
11493;28;$ 36,40;42;0,10;0
11493;36;$ 15,20;5;0,10;0
11493;40;$ 14,70;2;0,10;0
11494;11;$ 16,80;30;0,00;0
11494;69;$ 28,80;15;0,00;0
11494;71;$ 17,20;15;0,00;0
11495;37;$ 20,80;10;0,00;0
11495;54;$ 5,90;6;0,00;0
11495;62;$ 39,40;35;0,00;0
11496;14;$ 18,60;12;0,00;0
11496;21;$ 8,00;12;0,00;0
11497;33;$ 2,00;49;0,00;0
11497;59;$ 44,00;16;0,00;0
11498;41;$ 7,70;25;0,20;0
11498;44;$ 15,50;40;0,20;0
11498;59;$ 44,00;9;0,20;0
11499;14;$ 18,60;20;0,10;0
11500;1;$ 14,40;24;0,00;0
11500;62;$ 39,40;40;0,00;0
11500;76;$ 14,40;14;0,00;0
11501;19;$ 7,30;18;0,05;0
11501;33;$ 2,00;50;0,00;0
11502;17;$ 31,20;2;0,00;0
11502;33;$ 2,00;20;0,00;0
11503;19;$ 7,30;20;0,00;0
11503;53;$ 26,20;10;0,00;0
11503;57;$ 15,60;20;0,00;0
11504;38;$ 210,80;50;0,00;0
11504;46;$ 9,60;2;0,25;0
11504;68;$ 10,00;36;0,25;0
11504;77;$ 10,40;35;0,00;0
11505;2;$ 15,20;60;0,00;0
11505;47;$ 7,60;55;0,00;0
11505;61;$ 22,80;16;0,00;0
11505;74;$ 8,00;15;0,00;0
11506;60;$ 27,20;60;0,05;0
11506;69;$ 28,80;20;0,05;0
11507;9;$ 77,60;20;0,10;0
11507;13;$ 4,80;2;0,10;0
11507;70;$ 12,00;8;0,10;0
11507;73;$ 12,00;20;0,10;0
11508;19;$ 7,30;4;0,15;0
11508;26;$ 24,90;30;0,00;0
11508;53;$ 26,20;15;0,15;0
11508;77;$ 10,40;10;0,15;0
11509;26;$ 24,90;2;0,00;0
11510;31;$ 10,00;14;0,00;0
11510;59;$ 44,00;20;0,00;0
11511;35;$ 14,40;60;0,20;0
11511;38;$ 210,80;49;0,20;0
11511;68;$ 10,00;30;0,20;0
11512;55;$ 19,20;10;0,25;0
11512;76;$ 14,40;20;0,25;0
11513;56;$ 30,40;5;0,00;0
11513;64;$ 26,60;7;0,00;0
11514;14;$ 18,60;35;0,00;0
11515;46;$ 9,60;20;0,00;0
11516;50;$ 13,00;40;0,00;0
11516;63;$ 35,10;35;0,25;0
11517;17;$ 31,20;45;0,20;0
11517;21;$ 8,00;50;0,00;0
11517;56;$ 30,40;30;0,00;0
11517;59;$ 44,00;70;0,20;0
11518;17;$ 31,20;50;0,25;0
11518;40;$ 14,70;50;0,25;0
11518;47;$ 7,60;30;0,25;0
11519;26;$ 24,90;10;0,00;0
11519;54;$ 5,90;40;0,00;0
11520;56;$ 30,40;28;0,00;0
11521;11;$ 16,80;6;0,00;0
11521;76;$ 14,40;18;0,15;0
11522;2;$ 15,20;10;0,00;0
11522;22;$ 16,80;12;0,00;0
11522;72;$ 27,80;10;0,00;0
11523;46;$ 9,60;5;0,00;0
11523;56;$ 30,40;40;0,10;0
11523;64;$ 26,60;30;0,10;0
11523;75;$ 6,20;24;0,10;0
11524;53;$ 26,20;15;0,00;0
11525;19;$ 7,30;15;0,20;0
11525;34;$ 11,20;20;0,20;0
11525;57;$ 15,60;15;0,20;0
11526;12;$ 30,40;15;0,00;0
11526;16;$ 13,90;16;0,00;0
11526;64;$ 26,60;6;0,00;0
11526;74;$ 8,00;30;0,00;0
11527;2;$ 15,20;45;0,15;0
11527;16;$ 13,90;49;0,15;0
11527;29;$ 99,00;24;0,15;0
11527;61;$ 22,80;90;0,15;0
11528;27;$ 35,10;50;0,00;0
11529;11;$ 16,80;30;0,00;0
11529;54;$ 5,90;80;0,00;0
11529;66;$ 13,60;60;0,00;0
11530;11;$ 16,80;6;0,20;0
11530;28;$ 36,40;12;0,00;0
11531;17;$ 31,20;10;0,00;0
11531;26;$ 24,90;15;0,00;0
11531;35;$ 14,40;8;0,00;0
11531;41;$ 7,70;30;0,00;0
11532;39;$ 14,40;6;0,00;0
11532;54;$ 5,90;15;0,00;0
11533;19;$ 7,30;12;0,10;0
11533;24;$ 3,60;20;0,10;0
11533;31;$ 10,00;3;0,10;0
11533;52;$ 5,60;15;0,10;0
11534;19;$ 7,30;40;0,00;0
11534;65;$ 16,80;35;0,00;0
11534;71;$ 17,20;2;0,00;0
11535;26;$ 24,90;6;0,00;0
11535;40;$ 14,70;20;0,00;0
11536;10;$ 24,80;14;0,00;0
11536;52;$ 5,60;20;0,00;0
11536;62;$ 39,40;35;0,00;0
11537;10;$ 24,80;20;0,20;0
11537;54;$ 5,90;6;0,20;0
11538;55;$ 19,20;120;0,10;0
11538;64;$ 26,60;35;0,10;0
11538;65;$ 16,80;28;0,10;0
11538;77;$ 10,40;55;0,10;0
11539;28;$ 36,40;15;0,00;0
11539;44;$ 15,50;100;0,05;0
11540;48;$ 10,20;15;0,10;0
11540;70;$ 12,00;25;0,10;0
11541;16;$ 13,90;20;0,20;0
11541;33;$ 2,00;20;0,20;0
11541;46;$ 9,60;10;0,20;0
11542;39;$ 14,40;20;0,00;0
11542;53;$ 26,20;50;0,00;0
11542;61;$ 22,80;25;0,00;0
11542;71;$ 17,20;30;0,00;0
11543;21;$ 8,00;40;0,15;0
11543;49;$ 16,00;21;0,15;0
11544;59;$ 44,00;36;0,00;0
11545;26;$ 24,90;30;0,00;0
11545;28;$ 36,40;30;0,00;0
11545;43;$ 36,80;20;0,00;0
11545;56;$ 30,40;15;0,00;0
11545;71;$ 17,20;50;0,00;0
11546;7;$ 24,00;16;0,05;0
11546;46;$ 9,60;20;0,05;0
11546;72;$ 27,80;40;0,00;0
11547;68;$ 10,00;21;0,25;0
11547;75;$ 6,20;4;0,25;0
11548;21;$ 8,00;40;0,25;0
11548;30;$ 20,70;28;0,25;0
11548;55;$ 19,20;60;0,25;0
11549;13;$ 4,80;1;0,00;0
11549;23;$ 7,20;21;0,00;0
11550;19;$ 7,30;21;0,00;0
11550;42;$ 11,20;50;0,00;0
11551;4;$ 17,60;16;0,20;0
11551;43;$ 36,80;3;0,00;0
11551;56;$ 30,40;30;0,20;0
11551;60;$ 27,20;20;0,00;0
11552;24;$ 3,60;25;0,00;0
11552;29;$ 99,00;18;0,10;0
11552;40;$ 14,70;20;0,00;0
11552;45;$ 7,60;30;0,10;0
11552;50;$ 13,00;25;0,00;0
11553;11;$ 16,80;10;0,00;0
11553;46;$ 9,60;5;0,00;0
11554;24;$ 3,60;28;0,00;0
11554;25;$ 11,20;12;0,00;0
11555;30;$ 20,70;8;0,00;0
11555;43;$ 36,80;15;0,00;0
11556;2;$ 15,20;40;0,15;0
11556;16;$ 13,90;35;0,15;0
11556;44;$ 15,50;2;0,15;0
11557;18;$ 50,00;30;0,00;0
11557;23;$ 7,20;15;0,00;0
11557;64;$ 26,60;8;0,00;0
11558;7;$ 24,00;30;0,00;0
11558;56;$ 30,40;20;0,00;0
11559;24;$ 3,60;80;0,05;0
11559;51;$ 42,40;18;0,00;0
11560;33;$ 2,00;12;0,00;0
11560;71;$ 17,20;12;0,00;0
11561;14;$ 18,60;12;0,00;0
11561;28;$ 36,40;18;0,00;0
11561;40;$ 14,70;21;0,00;0
11561;75;$ 6,20;10;0,00;0
11562;31;$ 10,00;35;0,15;0
11562;66;$ 13,60;60;0,15;0
11562;76;$ 14,40;42;0,15;0
11563;55;$ 19,20;2;0,05;0
11563;70;$ 12,00;12;0,00;0
11564;1;$ 14,40;15;0,00;0
11564;21;$ 8,00;21;0,25;0
11564;39;$ 14,40;20;0,25;0
11565;10;$ 24,80;20;0,05;0
11566;38;$ 210,80;30;0,00;0
11566;53;$ 26,20;28;0,00;0
11566;59;$ 44,00;60;0,00;0
11566;64;$ 26,60;30;0,00;0
11567;47;$ 7,60;30;0,00;0
11567;59;$ 44,00;12;0,00;0
11568;49;$ 16,00;24;0,00;0
11568;60;$ 27,20;40;0,00;0
11569;40;$ 14,70;10;0,00;0
11570;34;$ 11,20;35;0,05;0
11570;77;$ 10,40;30;0,05;0
11571;21;$ 8,00;14;0,00;0
11571;40;$ 14,70;10;0,00;0
11571;51;$ 42,40;3;0,00;0
11572;2;$ 15,20;20;0,10;0
11572;3;$ 8,00;20;0,10;0
11572;55;$ 19,20;30;0,10;0
11572;70;$ 12,00;60;0,10;0
11573;11;$ 16,80;5;0,00;0
11573;51;$ 42,40;25;0,00;0
11573;74;$ 8,00;16;0,00;0
11574;19;$ 7,30;5;0,00;0
11574;26;$ 24,90;30;0,00;0
11574;54;$ 5,90;24;0,25;0
11575;59;$ 44,00;30;0,00;0
11575;73;$ 12,00;20;0,20;0
11576;11;$ 16,80;15;0,25;0
11576;16;$ 13,90;18;0,00;0
11577;59;$ 44,00;60;0,00;0
11577;68;$ 10,00;30;0,00;0
11577;75;$ 6,20;36;0,00;0
11578;44;$ 15,50;15;0,15;0
11578;77;$ 10,40;7;0,15;0
11579;25;$ 11,20;60;0,05;0
11579;42;$ 11,20;20;0,05;0
11580;65;$ 16,80;15;0,10;0
11580;66;$ 13,60;10;0,10;0
11580;69;$ 28,80;10;0,10;0
11581;56;$ 30,40;30;0,00;0
11582;23;$ 7,20;10;0,00;0
11582;41;$ 7,70;20;0,00;0
11582;77;$ 10,40;5;0,00;0
11583;31;$ 10,00;20;0,05;0
11584;56;$ 30,40;14;0,00;0
11584;72;$ 27,80;25;0,00;0
11584;77;$ 10,40;25;0,00;0
11585;24;$ 4,50;14;0,00;0
11585;40;$ 18,40;5;0,00;0
11585;42;$ 14,00;30;0,00;0
11586;28;$ 45,60;20;0,00;0
11586;49;$ 20,00;25;0,00;0
11587;15;$ 15,50;12;0,05;0
11587;28;$ 45,60;8;0,05;0
11588;54;$ 7,45;20;0,00;0
11589;45;$ 9,50;21;0,00;0
11589;53;$ 32,80;6;0,00;0
11589;67;$ 14,00;30;0,00;0
11590;14;$ 23,25;70;0,00;0
11590;65;$ 21,05;20;0,00;0
11591;2;$ 19,00;12;0,00;0
11591;21;$ 10,00;12;0,00;0
11591;53;$ 32,80;10;0,00;0
11591;61;$ 28,50;25;0,00;0
11592;62;$ 49,30;3;0,00;0
11593;25;$ 14,00;18;0,10;0
11593;70;$ 15,00;14;0,10;0
11594;43;$ 46,00;15;0,15;0
11594;48;$ 12,75;15;0,15;0
11595;13;$ 6,00;10;0,00;0
11595;39;$ 18,00;10;0,00;0
11596;28;$ 45,60;3;0,00;0
11597;29;$ 123,79;36;0,00;0
11597;75;$ 7,75;36;0,10;0
11598;4;$ 22,00;50;0,15;0
11598;7;$ 30,00;50;0,15;0
11598;8;$ 40,00;10;0,15;0
11599;24;$ 4,50;10;0,15;0
11599;46;$ 12,00;9;0,15;0
11599;47;$ 9,50;6;0,15;0
11599;60;$ 34,00;12;0,15;0
11600;21;$ 10,00;40;0,20;0
11600;32;$ 32,00;50;0,20;0
11600;61;$ 28,50;15;0,20;0
11601;20;$ 81,00;39;0,00;0
11601;28;$ 45,60;35;0,00;0
11601;56;$ 38,00;70;0,00;0
11601;65;$ 21,05;39;0,00;0
11601;75;$ 7,75;50;0,00;0
11602;9;$ 97,00;16;0,15;0
11602;16;$ 17,45;50;0,00;0
11602;27;$ 43,90;120;0,00;0
11602;33;$ 2,50;16;0,15;0
11602;60;$ 34,00;84;0,15;0
11603;18;$ 62,50;25;0,10;0
11603;41;$ 9,65;80;0,10;0
11603;42;$ 14,00;20;0,00;0
11604;52;$ 7,00;6;0,00;0
11604;59;$ 55,00;4;0,00;0
11604;70;$ 15,00;6;0,00;0
11605;24;$ 4,50;5;0,00;0
11605;38;$ 263,50;15;0,00;0
11605;44;$ 19,45;9;0,00;0
11606;10;$ 31,00;16;0,05;0
11606;56;$ 38,00;40;0,00;0
11606;60;$ 34,00;10;0,05;0
11607;24;$ 4,50;8;0,00;0
11607;53;$ 32,80;5;0,00;0
11608;35;$ 18,00;3;0,00;0
11608;41;$ 9,65;10;0,00;0
11608;68;$ 12,50;6;0,00;0
11609;1;$ 18,00;40;0,20;0
11609;8;$ 40,00;24;0,00;0
11609;30;$ 25,89;20;0,20;0
11609;40;$ 18,40;25;0,20;0
11610;17;$ 39,00;25;0,10;0
11610;20;$ 81,00;15;0,10;0
11610;37;$ 26,00;18;0,10;0
11610;41;$ 9,65;6;0,10;0
11611;10;$ 31,00;2;0,00;0
11611;30;$ 25,89;10;0,00;0
11611;43;$ 46,00;60;0,00;0
11611;54;$ 7,45;15;0,00;0
11612;36;$ 19,00;30;0,00;0
11612;40;$ 18,40;15;0,10;0
11613;1;$ 18,00;8;0,15;0
11613;13;$ 6,00;10;0,00;0
11613;56;$ 38,00;30;0,15;0
11614;4;$ 22,00;50;0,10;0
11614;36;$ 19,00;30;0,10;0
11615;11;$ 21,00;3;0,00;0
11615;33;$ 2,50;8;0,20;0
11615;72;$ 34,80;9;0,00;0
11616;55;$ 24,00;14;0,00;0
11616;68;$ 12,50;20;0,00;0
11616;69;$ 36,00;10;0,00;0
11617;17;$ 39,00;40;0,00;0
11617;43;$ 46,00;25;0,00;0
11617;61;$ 28,50;20;0,00;0
11617;76;$ 18,00;50;0,00;0
11618;59;$ 55,00;2;0,00;0
11619;30;$ 25,89;15;0,00;0
11619;66;$ 17,00;24;0,00;0
11620;4;$ 22,00;50;0,05;0
11620;72;$ 34,80;24;0,00;0
11620;73;$ 15,00;24;0,05;0
11621;30;$ 25,89;10;0,00;0
11621;40;$ 18,40;10;0,20;0
11621;54;$ 7,45;10;0,20;0
11622;11;$ 21,00;50;0,10;0
11622;40;$ 18,40;10;0,10;0
11622;57;$ 19,50;5;0,10;0
11622;59;$ 55,00;15;0,10;0
11623;12;$ 38,00;15;0,25;0
11623;31;$ 12,50;20;0,00;0
11623;33;$ 2,50;30;0,00;0
11623;60;$ 34,00;35;0,25;0
11624;31;$ 12,50;30;0,00;0
11624;51;$ 53,00;6;0,00;0
11624;58;$ 13,25;20;0,00;0
11624;72;$ 34,80;21;0,00;0
11624;73;$ 15,00;9;0,00;0
11625;70;$ 15,00;7;0,00;0
11625;72;$ 34,80;1;0,00;0
11626;13;$ 6,00;8;0,00;0
11626;21;$ 10,00;15;0,00;0
11626;33;$ 2,50;15;0,00;0
11626;49;$ 20,00;6;0,00;0
11627;3;$ 10,00;60;0,00;0
11627;26;$ 31,23;40;0,00;0
11627;38;$ 263,50;30;0,00;0
11627;68;$ 12,50;35;0,00;0
11628;24;$ 4,50;35;0,10;0
11628;38;$ 263,50;4;0,10;0
11628;65;$ 21,05;36;0,10;0
11628;71;$ 21,50;9;0,10;0
11629;11;$ 21,00;15;0,05;0
11629;54;$ 7,45;24;0,05;0
11630;12;$ 38,00;30;0,15;0
11630;23;$ 9,00;70;0,15;0
11631;28;$ 45,60;7;0,00;0
11631;67;$ 14,00;7;0,00;0
11632;11;$ 21,00;10;0,00;0
11633;7;$ 30,00;10;0,00;0
11633;35;$ 18,00;30;0,00;0
11633;62;$ 49,30;40;0,00;0
11634;32;$ 32,00;24;0,15;0
11634;36;$ 19,00;60;0,00;0
11635;34;$ 14,00;10;0,25;0
11635;41;$ 9,65;14;0,00;0
11636;31;$ 12,50;55;0,15;0
11636;45;$ 9,50;100;0,15;0
11636;51;$ 53,00;48;0,15;0
11637;17;$ 39,00;8;0,10;0
11637;19;$ 9,20;10;0,00;0
11637;21;$ 10,00;6;0,10;0
11637;61;$ 28,50;10;0,10;0
11638;16;$ 17,45;40;0,15;0
11638;35;$ 18,00;20;0,15;0
11638;44;$ 19,45;40;0,00;0
11639;69;$ 36,00;18;0,00;0
11639;75;$ 7,75;30;0,00;0
11640;11;$ 21,00;15;0,00;0
11640;16;$ 17,45;14;0,00;0
11640;22;$ 21,00;24;0,00;0
11640;31;$ 12,50;30;0,00;0
11640;35;$ 18,00;6;0,00;0
11641;16;$ 17,45;30;0,05;0
11641;23;$ 9,00;20;0,05;0
11641;62;$ 49,30;20;0,05;0
11641;77;$ 13,00;10;0,05;0
11642;14;$ 23,25;30;0,20;0
11642;19;$ 9,20;35;0,20;0
11642;24;$ 4,50;18;0,20;0
11642;51;$ 53,00;20;0,20;0
11642;56;$ 38,00;40;0,20;0
11643;72;$ 34,80;24;0,00;0
11644;64;$ 33,25;30;0,00;0
11644;75;$ 7,75;20;0,00;0
11645;47;$ 9,50;25;0,00;0
11645;51;$ 53,00;20;0,00;0
11645;52;$ 7,00;30;0,00;0
11645;53;$ 32,80;18;0,00;0
11645;73;$ 15,00;3;0,00;0
11646;41;$ 9,65;12;0,05;0
11646;55;$ 24,00;18;0,05;0
11647;30;$ 25,89;20;0,00;0
11647;62;$ 49,30;15;0,25;0
11648;44;$ 19,45;10;0,00;0
11648;51;$ 53,00;50;0,00;0
11649;33;$ 2,50;20;0,10;0
11649;62;$ 49,30;10;0,10;0
11650;36;$ 19,00;25;0,00;0
11650;52;$ 7,00;70;0,00;0
11651;17;$ 39,00;16;0,05;0
11651;31;$ 12,50;6;0,05;0
11651;55;$ 24,00;25;0,05;0
11652;24;$ 4,50;25;0,10;0
11652;64;$ 33,25;18;0,10;0
11653;11;$ 21,00;35;0,15;0
11653;18;$ 62,50;18;0,15;0
11653;76;$ 18,00;10;0,00;0
11654;31;$ 12,50;60;0,20;0
11654;51;$ 53,00;3;0,00;0
11654;59;$ 55,00;40;0,20;0
11655;10;$ 31,00;5;0,00;0
11656;31;$ 12,50;35;0,20;0
11656;76;$ 18,00;30;0,00;0
11657;11;$ 21,00;15;0,05;0
11657;56;$ 38,00;60;0,05;0
11658;14;$ 23,25;11;0,15;0
11658;42;$ 14,00;28;0,15;0
11659;16;$ 17,45;12;0,10;0
11659;32;$ 32,00;10;0,10;0
11659;40;$ 18,40;50;0,00;0
11659;75;$ 7,75;15;0,10;0
11660;17;$ 39,00;18;0,00;0
11660;34;$ 14,00;40;0,00;0
11660;53;$ 32,80;25;0,00;0
11661;33;$ 2,50;14;0,00;0
11661;40;$ 18,40;2;0,00;0
11661;62;$ 49,30;10;0,00;0
11661;64;$ 33,25;6;0,00;0
11662;59;$ 55,00;12;0,00;0
11662;63;$ 43,90;6;0,00;0
11662;72;$ 34,80;30;0,00;0
11662;76;$ 18,00;10;0,00;0
11663;1;$ 18,00;10;0,00;0
11663;31;$ 12,50;20;0,00;0
11663;44;$ 19,45;21;0,00;0
11664;39;$ 18,00;10;0,00;0
11664;75;$ 7,75;20;0,00;0
11664;77;$ 13,00;18;0,00;0
11665;35;$ 18,00;20;0,00;0
11665;57;$ 19,50;6;0,00;0
11666;15;$ 15,50;10;0,00;0
11666;75;$ 7,75;21;0,00;0
11667;14;$ 23,25;15;0,05;0
11667;41;$ 9,65;9;0,05;0
11667;65;$ 21,05;30;0,05;0
11668;75;$ 7,75;50;0,20;0
11669;57;$ 19,50;4;0,00;0
11669;76;$ 18,00;14;0,00;0
11670;29;$ 123,79;10;0,00;0
11670;60;$ 34,00;24;0,15;0
11670;69;$ 36,00;10;0,15;0
11671;31;$ 12,50;50;0,05;0
11672;47;$ 9,50;15;0,00;0
11673;52;$ 7,00;4;0,15;0
11674;26;$ 31,23;6;0,00;0
11674;35;$ 18,00;20;0,00;0
11674;77;$ 13,00;20;0,00;0
11675;18;$ 62,50;40;0,20;0
11675;42;$ 14,00;100;0,20;0
11676;35;$ 18,00;4;0,00;0
11677;1;$ 18,00;20;0,00;0
11677;77;$ 13,00;60;0,05;0
11678;3;$ 10,00;14;0,00;0
11678;7;$ 30,00;10;0,00;0
11678;54;$ 7,45;50;0,00;0
11679;15;$ 15,50;25;0,05;0
11679;26;$ 31,23;5;0,05;0
11680;20;$ 81,00;21;0,20;0
11680;69;$ 36,00;20;0,20;0
11680;76;$ 18,00;4;0,20;0
11681;52;$ 7,00;24;0,00;0
11681;58;$ 13,25;30;0,00;0
11682;35;$ 18,00;30;0,25;0
11682;61;$ 28,50;120;0,25;0
11682;69;$ 36,00;65;0,25;0
11683;56;$ 38,00;5;0,20;0
11683;63;$ 43,90;24;0,20;0
11683;75;$ 7,75;30;0,20;0
11684;24;$ 4,50;35;0,20;0
11684;57;$ 19,50;20;0,00;0
11684;65;$ 21,05;12;0,20;0
11685;27;$ 43,90;50;0,00;0
11685;71;$ 21,50;9;0,00;0
11686;62;$ 49,30;10;0,00;0
11687;54;$ 7,45;4;0,00;0
11687;73;$ 15,00;30;0,00;0
11688;13;$ 6,00;60;0,00;0
11688;59;$ 55,00;35;0,00;0
11689;77;$ 13,00;5;0,25;0
11690;22;$ 21,00;48;0,00;0
11690;49;$ 20,00;25;0,05;0
11691;48;$ 12,75;6;0,10;0
11691;76;$ 18,00;10;0,10;0
11692;16;$ 17,45;30;0,05;0
11692;59;$ 55,00;20;0,05;0
11692;60;$ 34,00;70;0,05;0
11692;71;$ 21,50;15;0,05;0
11693;4;$ 22,00;20;0,20;0
11693;55;$ 24,00;20;0,20;0
11693;62;$ 49,30;10;0,20;0
11694;7;$ 30,00;45;0,00;0
11694;17;$ 39,00;100;0,00;0
11694;33;$ 2,50;14;0,00;0
11694;40;$ 18,40;42;0,00;0
11694;72;$ 34,80;12;0,00;0
11695;56;$ 38,00;28;0,00;0
11696;1;$ 18,00;3;0,00;0
11696;10;$ 31,00;10;0,00;0
11696;21;$ 10,00;6;0,00;0
11697;36;$ 19,00;21;0,25;0
11698;1;$ 18,00;6;0,00;0
11698;2;$ 19,00;10;0,00;0
11698;60;$ 34,00;15;0,00;0
11699;10;$ 31,00;70;0,00;0
11699;36;$ 19,00;55;0,00;0
11699;49;$ 20,00;18;0,00;0
11699;60;$ 34,00;40;0,00;0
11699;76;$ 18,00;80;0,00;0
11700;13;$ 6,00;8;0,10;0
11700;75;$ 7,75;40;0,00;0
11701;11;$ 21,00;14;0,00;0
11701;21;$ 10,00;8;0,00;0
11701;39;$ 18,00;5;0,00;0
11702;55;$ 24,00;5;0,00;0
11703;38;$ 263,50;15;0,05;0
11703;56;$ 38,00;14;0,00;0
11703;70;$ 15,00;15;0,05;0
11703;71;$ 21,50;15;0,05;0
11704;59;$ 55,00;30;0,15;0
11705;6;$ 25,00;70;0,00;0
11705;56;$ 38,00;20;0,00;0
11705;68;$ 12,50;15;0,00;0
11706;21;$ 10,00;42;0,00;0
11706;22;$ 21,00;40;0,00;0
11707;24;$ 4,50;5;0,00;0
11707;52;$ 7,00;5;0,00;0
11708;19;$ 9,20;5;0,00;0
11708;23;$ 9,00;10;0,00;0
11708;70;$ 15,00;20;0,00;0
11708;71;$ 21,50;15;0,00;0
11709;2;$ 19,00;20;0,00;0
11709;68;$ 12,50;18;0,20;0
11710;14;$ 23,25;21;0,00;0
11710;19;$ 9,20;15;0,10;0
11710;21;$ 10,00;25;0,10;0
11710;24;$ 4,50;3;0,00;0
11710;35;$ 18,00;30;0,10;0
11711;28;$ 45,60;10;0,00;0
11711;29;$ 123,79;6;0,00;0
11711;44;$ 19,45;10;0,00;0
11712;14;$ 23,25;3;0,00;0
11712;42;$ 14,00;5;0,00;0
11712;60;$ 34,00;10;0,00;0
11713;53;$ 32,80;12;0,00;0
11713;60;$ 34,00;20;0,00;0
11713;71;$ 21,50;20;0,00;0
11714;62;$ 49,30;15;0,00;0
11714;73;$ 15,00;35;0,15;0
11715;1;$ 18,00;25;0,00;0
11716;29;$ 123,79;20;0,00;0
11716;64;$ 33,25;9;0,00;0
11717;55;$ 24,00;12;0,05;0
11717;76;$ 18,00;35;0,00;0
11718;75;$ 7,75;8;0,10;0
11719;2;$ 19,00;30;0,05;0
11719;33;$ 2,50;20;0,05;0
11720;12;$ 38,00;36;0,15;0
11720;13;$ 6,00;13;0,15;0
11720;26;$ 31,23;35;0,15;0
11720;62;$ 49,30;80;0,15;0
11721;7;$ 30,00;35;0,00;0
11721;18;$ 62,50;50;0,00;0
11721;51;$ 53,00;15;0,00;0
11721;75;$ 7,75;2;0,00;0
11722;4;$ 22,00;10;0,10;0
11722;5;$ 21,35;15;0,10;0
11722;22;$ 21,00;40;0,00;0
11723;4;$ 22,00;25;0,00;0
11723;58;$ 13,25;6;0,00;0
11724;11;$ 21,00;10;0,00;0
11724;50;$ 16,25;25;0,05;0
11724;56;$ 38,00;60;0,05;0
11725;45;$ 9,50;20;0,00;0
11725;65;$ 21,05;21;0,00;0
11725;72;$ 34,80;60;0,00;0
11726;18;$ 62,50;8;0,00;0
11727;69;$ 36,00;20;0,25;0
11727;70;$ 15,00;15;0,25;0
11728;2;$ 19,00;50;0,00;0
11728;40;$ 18,40;60;0,00;0
11729;21;$ 10,00;30;0,20;0
11729;61;$ 28,50;20;0,20;0
11730;28;$ 45,60;15;0,25;0
11730;39;$ 18,00;21;0,25;0
11730;46;$ 12,00;2;0,25;0
11731;18;$ 62,50;4;0,10;0
11731;43;$ 46,00;20;0,00;0
11731;46;$ 12,00;21;0,10;0
11732;18;$ 62,50;20;0,00;0
11732;36;$ 19,00;15;0,00;0
11733;1;$ 18,00;15;0,25;0
11733;10;$ 31,00;18;0,25;0
11733;71;$ 21,50;30;0,25;0
11733;77;$ 13,00;35;0,25;0
11734;19;$ 9,20;30;0,00;0
11734;39;$ 18,00;20;0,00;0
11735;22;$ 21,00;15;0,00;0
11735;24;$ 4,50;15;0,15;0
11736;28;$ 45,60;20;0,00;0
11736;72;$ 34,80;15;0,00;0
11737;30;$ 25,89;30;0,00;0
11737;53;$ 32,80;25;0,05;0
11737;54;$ 7,45;30;0,00;0
11738;19;$ 9,20;12;0,25;0
11738;22;$ 21,00;20;0,25;0
11739;30;$ 25,89;2;0,25;0
11739;42;$ 14,00;20;0,00;0
11740;16;$ 17,45;30;0,10;0
11740;60;$ 34,00;20;0,10;0
11741;4;$ 22,00;12;0,10;0
11741;39;$ 18,00;20;0,10;0
11741;54;$ 7,45;6;0,10;0
11742;41;$ 9,65;20;0,20;0
11743;14;$ 23,25;3;0,10;0
11743;44;$ 19,45;28;0,10;0
11743;47;$ 9,50;6;0,10;0
11744;15;$ 15,50;50;0,00;0
11744;41;$ 9,65;24;0,00;0
11744;46;$ 12,00;45;0,00;0
11744;47;$ 9,50;10;0,00;0
11744;56;$ 38,00;45;0,00;0
11744;60;$ 34,00;30;0,00;0
11745;21;$ 10,00;60;0,00;0
11745;40;$ 18,40;70;0,05;0
11745;60;$ 34,00;55;0,05;0
11745;77;$ 13,00;70;0,05;0
11746;31;$ 12,50;20;0,05;0
11746;40;$ 18,40;24;0,05;0
11746;70;$ 15,00;40;0,05;0
11747;20;$ 81,00;21;0,00;0
11748;39;$ 18,00;3;0,20;0
11748;58;$ 13,25;49;0,20;0
11749;68;$ 12,50;10;0,00;0
11750;40;$ 18,40;30;0,05;0
11750;42;$ 14,00;30;0,05;0
11750;51;$ 53,00;20;0,05;0
11751;10;$ 31,00;24;0,15;0
11751;56;$ 38,00;12;0,15;0
11751;65;$ 21,05;15;0,15;0
11752;51;$ 53,00;20;0,00;0
11752;59;$ 55,00;1;0,00;0
11752;76;$ 18,00;10;0,00;0
11753;29;$ 123,79;36;0,00;0
11753;65;$ 21,05;10;0,00;0
11754;69;$ 36,00;45;0,20;0
11754;71;$ 21,50;14;0,20;0
11755;31;$ 12,50;8;0,10;0
11755;55;$ 24,00;4;0,10;0
11755;64;$ 33,25;15;0,10;0
11756;36;$ 19,00;30;0,00;0
11757;23;$ 9,00;32;0,00;0
11757;46;$ 12,00;60;0,00;0
11757;67;$ 14,00;25;0,00;0
11757;73;$ 15,00;50;0,00;0
11757;75;$ 7,75;25;0,00;0
11758;16;$ 17,45;10;0,00;0
11758;62;$ 49,30;10;0,00;0
11758;65;$ 21,05;12;0,00;0
11759;38;$ 263,50;15;0,10;0
11759;71;$ 21,50;12;0,00;0
11760;16;$ 17,45;3;0,00;0
11760;42;$ 14,00;6;0,00;0
11760;43;$ 46,00;6;0,00;0
11761;23;$ 9,00;5;0,00;0
11762;14;$ 23,25;30;0,00;0
11762;53;$ 32,80;10;0,00;0
11762;58;$ 13,25;30;0,00;0
11763;10;$ 31,00;2;0,00;0
11763;19;$ 9,20;7;0,00;0
11763;44;$ 19,45;21;0,00;0
11764;26;$ 31,23;30;0,15;0
11764;33;$ 2,50;8;0,15;0
11765;12;$ 38,00;100;0,00;0
11765;33;$ 2,50;30;0,00;0
11765;41;$ 9,65;120;0,00;0
11765;54;$ 7,45;30;0,00;0
11766;59;$ 55,00;12;0,00;0
11767;16;$ 17,45;50;0,25;0
11767;31;$ 12,50;20;0,25;0
11767;42;$ 14,00;40;0,25;0
11768;19;$ 9,20;30;0,10;0
11768;21;$ 10,00;12;0,10;0
11768;64;$ 33,25;28;0,00;0
11769;33;$ 2,50;30;0,00;0
11769;66;$ 17,00;4;0,00;0
11769;75;$ 7,75;30;0,00;0
11770;52;$ 7,00;9;0,00;0
11771;40;$ 18,40;20;0,00;0
11771;47;$ 9,50;40;0,00;0
11771;60;$ 34,00;30;0,00;0
11772;10;$ 31,00;20;0,00;0
11772;41;$ 9,65;4;0,00;0
11772;47;$ 9,50;15;0,00;0
11773;17;$ 39,00;30;0,20;0
11773;26;$ 31,23;15;0,00;0
11774;9;$ 97,00;50;0,25;0
11774;29;$ 123,79;10;0,00;0
11774;36;$ 19,00;6;0,25;0
11775;10;$ 31,00;18;0,10;0
11775;28;$ 45,60;60;0,10;0
11775;34;$ 14,00;14;0,00;0
11776;1;$ 18,00;35;0,25;0
11777;56;$ 38,00;20;0,25;0
11777;77;$ 13,00;30;0,25;0
11778;1;$ 18,00;30;0,00;0
11778;29;$ 123,79;40;0,00;0
11778;43;$ 46,00;40;0,00;0
11778;44;$ 19,45;24;0,00;0
11778;62;$ 49,30;48;0,00;0
11779;63;$ 43,90;20;0,00;0
11780;9;$ 97,00;6;0,00;0
11780;54;$ 7,45;60;0,15;0
11780;69;$ 36,00;30;0,15;0
11780;73;$ 15,00;15;0,15;0
11781;7;$ 30,00;90;0,00;0
11781;59;$ 55,00;25;0,00;0
11781;70;$ 15,00;50;0,00;0
11782;8;$ 40,00;10;0,00;0
11782;12;$ 38,00;4;0,00;0
11782;24;$ 4,50;20;0,00;0
11783;17;$ 39,00;20;0,00;0
11783;46;$ 12,00;18;0,00;0
11784;19;$ 9,20;7;0,25;0
11784;35;$ 18,00;9;0,25;0
11784;58;$ 13,25;30;0,25;0
11784;70;$ 15,00;30;0,25;0
11785;11;$ 21,00;15;0,00;0
11785;17;$ 39,00;8;0,05;0
11785;29;$ 123,79;12;0,05;0
11785;65;$ 21,05;65;0,05;0
11785;70;$ 15,00;8;0,05;0
11786;47;$ 9,50;12;0,00;0
11787;1;$ 18,00;5;0,20;0
11787;34;$ 14,00;12;0,20;0
11787;68;$ 12,50;40;0,20;0
11787;71;$ 21,50;60;0,20;0
11788;59;$ 55,00;42;0,15;0
11788;71;$ 21,50;20;0,15;0
11788;76;$ 18,00;35;0,15;0
11789;3;$ 10,00;6;0,00;0
11789;76;$ 18,00;15;0,00;0
11790;2;$ 19,00;5;0,00;0
11790;59;$ 55,00;35;0,00;0
11790;73;$ 15,00;35;0,00;0
11791;4;$ 22,00;6;0,00;0
11791;24;$ 4,50;35;0,00;0
11791;48;$ 12,75;24;0,00;0
11792;31;$ 12,50;20;0,00;0
11792;32;$ 32,00;4;0,00;0
11793;16;$ 17,45;20;0,00;0
11793;43;$ 46,00;24;0,00;0
11793;59;$ 55,00;8;0,00;0
11794;55;$ 24,00;21;0,00;0
11794;57;$ 19,50;40;0,00;0
11794;70;$ 15,00;28;0,15;0
11795;5;$ 21,35;4;0,00;0
11795;36;$ 19,00;5;0,00;0
11796;8;$ 40,00;40;0,00;0
11796;51;$ 53,00;28;0,00;0
11796;60;$ 34,00;10;0,00;0
11797;19;$ 9,20;5;0,00;0
11797;47;$ 9,50;5;0,00;0
11798;19;$ 9,20;12;0,00;0
11798;41;$ 9,65;42;0,00;0
11798;53;$ 32,80;120;0,00;0
11799;53;$ 32,80;3;0,05;0
11799;56;$ 38,00;30;0,00;0
11800;10;$ 31,00;18;0,00;0
11800;26;$ 31,23;30;0,00;0
11800;45;$ 9,50;110;0,00;0
11800;46;$ 12,00;24;0,00;0
11801;2;$ 19,00;30;0,25;0
11801;17;$ 39,00;27;0,25;0
11801;47;$ 9,50;50;0,25;0
11801;56;$ 38,00;18;0,25;0
11801;58;$ 13,25;12;0,25;0
11802;10;$ 31,00;21;0,00;0
11802;71;$ 21,50;30;0,00;0
11803;21;$ 10,00;5;0,00;0
11803;51;$ 53,00;7;0,00;0
11803;61;$ 28,50;10;0,00;0
11804;21;$ 10,00;32;0,05;0
11804;54;$ 7,45;15;0,00;0
11804;69;$ 36,00;25;0,05;0
11805;12;$ 38,00;36;0,00;0
11805;16;$ 17,45;20;0,00;0
11805;36;$ 19,00;40;0,00;0
11805;62;$ 49,30;20;0,00;0
11806;18;$ 62,50;12;0,25;0
11806;30;$ 25,89;3;0,25;0
11806;54;$ 7,45;40;0,25;0
11807;35;$ 18,00;21;0,00;0
11807;71;$ 21,50;8;0,00;0
11808;44;$ 19,45;50;0,05;0
11809;2;$ 19,00;3;0,00;0
11809;31;$ 12,50;50;0,00;0
11809;68;$ 12,50;45;0,00;0
11809;75;$ 7,75;42;0,00;0
11810;26;$ 31,23;15;0,00;0
11811;10;$ 31,00;16;0,00;0
11811;61;$ 28,50;5;0,00;0
11812;41;$ 9,65;12;0,00;0
11812;52;$ 7,00;4;0,00;0
11812;55;$ 24,00;6;0,00;0
11813;4;$ 22,00;25;0,00;0
11813;11;$ 21,00;5;0,00;0
11814;17;$ 39,00;20;0,05;0
11814;56;$ 38,00;10;0,05;0
11814;59;$ 55,00;10;0,05;0
11815;30;$ 25,89;15;0,00;0
11815;40;$ 18,40;6;0,00;0
11815;55;$ 24,00;12;0,00;0
11815;60;$ 34,00;15;0,00;0
11816;1;$ 18,00;50;0,00;0
11816;21;$ 10,00;30;0,00;0
11816;50;$ 16,25;40;0,00;0
11817;16;$ 17,45;15;0,05;0
11817;31;$ 12,50;3;0,05;0
11817;65;$ 21,05;10;0,05;0
11818;21;$ 10,00;40;0,05;0
11818;51;$ 53,00;30;0,05;0
11819;76;$ 18,00;20;0,00;0
11820;14;$ 23,25;16;0,00;0
11820;28;$ 45,60;20;0,00;0
11820;52;$ 7,00;25;0,00;0
11821;6;$ 25,00;30;0,00;0
11821;30;$ 25,89;15;0,00;0
11821;76;$ 18,00;20;0,00;0
11822;61;$ 28,50;20;0,10;0
11822;77;$ 13,00;2;0,10;0
11823;65;$ 21,05;40;0,00;0
11823;75;$ 7,75;20;0,00;0
11824;13;$ 6,00;4;0,00;0
11824;41;$ 9,65;12;0,00;0
11825;16;$ 17,45;3;0,00;0
11826;36;$ 19,00;6;0,00;0
11826;52;$ 7,00;18;0,00;0
11827;28;$ 45,60;5;0,20;0
11827;35;$ 18,00;35;0,20;0
11827;45;$ 9,50;40;0,20;0
11827;56;$ 38,00;14;0,20;0
11828;2;$ 19,00;15;0,20;0
11829;3;$ 10,00;20;0,00;0
11829;60;$ 34,00;50;0,00;0
11829;72;$ 34,80;35;0,00;0
11830;46;$ 12,00;28;0,05;0
11831;40;$ 18,40;50;0,20;0
11832;18;$ 62,50;24;0,00;0
11832;44;$ 19,45;16;0,00;0
11832;59;$ 55,00;45;0,00;0
11832;72;$ 34,80;7;0,00;0
11833;13;$ 6,00;6;0,00;0
11833;42;$ 14,00;28;0,00;0
11833;62;$ 49,30;9;0,00;0
11833;69;$ 36,00;40;0,00;0
11834;31;$ 12,50;8;0,00;0
11834;41;$ 9,65;35;0,00;0
11834;63;$ 43,90;9;0,00;0
11834;69;$ 36,00;30;0,00;0
11835;23;$ 9,00;44;0,00;0
11835;40;$ 18,40;40;0,00;0
11835;56;$ 38,00;28;0,00;0
11836;56;$ 38,00;15;0,00;0
11836;59;$ 55,00;6;0,00;0
11836;76;$ 18,00;10;0,00;0
11837;14;$ 23,25;5;0,15;0
11837;45;$ 9,50;40;0,15;0
11837;59;$ 55,00;25;0,15;0
11838;26;$ 31,23;12;0,10;0
11838;30;$ 25,89;30;0,00;0
11838;50;$ 16,25;20;0,10;0
11838;73;$ 15,00;15;0,00;0
11839;1;$ 18,00;8;0,00;0
11839;69;$ 36,00;3;0,00;0
11840;45;$ 9,50;4;0,00;0
11840;74;$ 10,00;5;0,00;0
11841;40;$ 18,40;3;0,00;0
11842;47;$ 9,50;30;0,25;0
11842;56;$ 38,00;30;0,25;0
11842;57;$ 19,50;14;0,25;0
11842;69;$ 36,00;25;0,25;0
11843;18;$ 62,50;21;0,20;0
11843;36;$ 19,00;20;0,20;0
11843;68;$ 12,50;6;0,20;0
11843;69;$ 36,00;20;0,20;0
11844;34;$ 14,00;30;0,00;0
11844;59;$ 55,00;7;0,00;0
11844;62;$ 49,30;30;0,00;0
11844;64;$ 33,25;24;0,00;0
11845;26;$ 31,23;20;0,00;0
11845;52;$ 7,00;60;0,00;0
11845;70;$ 15,00;40;0,00;0
11846;32;$ 32,00;10;0,00;0
11847;25;$ 14,00;12;0,25;0
11847;27;$ 43,90;40;0,00;0
11847;43;$ 46,00;30;0,25;0
11848;25;$ 14,00;35;0,25;0
11848;75;$ 7,75;18;0,00;0
11849;39;$ 18,00;16;0,00;0
11849;47;$ 9,50;30;0,00;0
11849;51;$ 53,00;28;0,00;0
11849;56;$ 38,00;60;0,00;0
11850;21;$ 10,00;40;0,00;0
11850;22;$ 21,00;6;0,00;0
11850;24;$ 4,50;20;0,00;0
11851;3;$ 10,00;20;0,10;0
11851;39;$ 18,00;130;0,10;0
11852;65;$ 21,05;80;0,10;0
11853;2;$ 19,00;40;0,00;0
11853;7;$ 30,00;35;0,00;0
11853;68;$ 12,50;40;0,00;0
11854;42;$ 14,00;2;0,00;0
11855;22;$ 21,00;4;0,00;0
11855;31;$ 12,50;50;0,00;0
11855;60;$ 34,00;15;0,00;0
11855;71;$ 21,50;12;0,00;0
11856;41;$ 9,65;30;0,05;0
11856;52;$ 7,00;15;0,05;0
11856;61;$ 28,50;20;0,00;0
11856;62;$ 49,30;15;0,00;0
11857;11;$ 21,00;15;0,25;0
11858;71;$ 21,50;16;0,00;0
11859;29;$ 123,79;18;0,00;0
11859;59;$ 55,00;25;0,00;0
11860;17;$ 39,00;33;0,00;0
11860;31;$ 12,50;70;0,20;0
11860;75;$ 7,75;7;0,20;0
11861;31;$ 12,50;2;0,25;0
11861;66;$ 17,00;50;0,00;0
11862;10;$ 31,00;6;0,00;0
11862;67;$ 14,00;3;0,00;0
11863;31;$ 12,50;16;0,05;0
11863;42;$ 14,00;12;0,05;0
11863;45;$ 9,50;27;0,05;0
11863;51;$ 53,00;120;0,05;0
11864;42;$ 14,00;20;0,20;0
11865;41;$ 9,65;10;0,00;0
11866;16;$ 17,45;20;0,00;0
11866;62;$ 49,30;20;0,00;0
11867;70;$ 15,00;35;0,00;0
11867;77;$ 13,00;15;0,00;0
11868;54;$ 7,45;3;0,20;0
11868;56;$ 38,00;20;0,20;0
11868;74;$ 10,00;35;0,00;0
11869;31;$ 12,50;1;0,00;0
11870;31;$ 12,50;10;0,00;0
11870;38;$ 263,50;5;0,00;0
11871;36;$ 19,00;30;0,00;0
11871;39;$ 18,00;2;0,15;0
11871;72;$ 34,80;30;0,15;0
11872;10;$ 31,00;10;0,00;0
11872;75;$ 7,75;10;0,00;0
11873;8;$ 40,00;30;0,20;0
11873;30;$ 25,89;15;0,20;0
11873;75;$ 7,75;42;0,20;0
11874;2;$ 19,00;15;0,05;0
11874;29;$ 123,79;20;0,05;0
11875;19;$ 9,20;50;0,05;0
11875;75;$ 7,75;40;0,05;0
11876;18;$ 62,50;30;0,00;0
11876;35;$ 18,00;15;0,00;0
11876;63;$ 43,90;30;0,00;0
11876;68;$ 12,50;18;0,00;0
11877;7;$ 30,00;3;0,15;0
11877;56;$ 38,00;20;0,15;0
11878;29;$ 123,79;14;0,05;0
11878;41;$ 9,65;20;0,05;0
11879;2;$ 19,00;10;0,00;0
11879;54;$ 7,45;3;0,00;0
11879;68;$ 12,50;15;0,00;0
11880;41;$ 9,65;14;0,00;0
11880;52;$ 7,00;8;0,00;0
11881;14;$ 23,25;15;0,20;0
11881;54;$ 7,45;6;0,20;0
11882;16;$ 17,45;65;0,00;0
11882;17;$ 39,00;35;0,25;0
11883;26;$ 31,23;21;0,20;0
11883;44;$ 19,45;10;0,00;0
11883;64;$ 33,25;35;0,20;0
11883;69;$ 36,00;24;0,20;0
11884;11;$ 21,00;20;0,00;0
11885;62;$ 49,30;2;0,00;0
11885;72;$ 34,80;10;0,00;0
11886;13;$ 6,00;20;0,15;0
11886;24;$ 4,50;20;0,15;0
11886;59;$ 55,00;25;0,00;0
11887;11;$ 21,00;50;0,10;0
11887;51;$ 53,00;10;0,10;0
11887;54;$ 7,45;7;0,10;0
11888;17;$ 39,00;40;0,25;0
11888;29;$ 123,79;20;0,25;0
11889;30;$ 25,89;25;0,25;0
11889;51;$ 53,00;30;0,25;0
11889;55;$ 24,00;60;0,25;0
11889;62;$ 49,30;5;0,25;0
11890;19;$ 9,20;24;0,05;0
11890;25;$ 14,00;15;0,05;0
11890;59;$ 55,00;15;0,05;0
11891;10;$ 31,00;36;0,00;0
11891;28;$ 45,60;24;0,00;0
11891;49;$ 20,00;4;0,15;0
11892;34;$ 14,00;10;0,00;0
11892;38;$ 263,50;10;0,00;0
11893;2;$ 19,00;20;0,25;0
11893;65;$ 21,05;2;0,00;0
11893;74;$ 10,00;15;0,25;0
11894;40;$ 18,40;1;0,00;0
11895;56;$ 38,00;20;0,15;0
11895;76;$ 18,00;50;0,15;0
11896;52;$ 7,00;20;0,00;0
11897;13;$ 6,00;7;0,00;0
11897;25;$ 14,00;5;0,00;0
11897;70;$ 15,00;5;0,00;0
11898;19;$ 9,20;15;0,00;0
11898;23;$ 9,00;18;0,00;0
11898;40;$ 18,40;30;0,00;0
11899;31;$ 12,50;16;0,10;0
11899;72;$ 34,80;40;0,10;0
11899;77;$ 13,00;20;0,00;0
11900;2;$ 19,00;12;0,20;0
11900;46;$ 12,00;35;0,00;0
11901;41;$ 9,65;20;0,00;0
11901;43;$ 46,00;20;0,15;0
11901;48;$ 12,75;8;0,15;0
11901;61;$ 28,50;30;0,15;0
11902;33;$ 2,50;16;0,00;0
11903;38;$ 263,50;30;0,05;0
11903;62;$ 49,30;20;0,05;0
11904;26;$ 31,23;40;0,15;0
11904;38;$ 263,50;30;0,00;0
11904;40;$ 18,40;60;0,15;0
11904;62;$ 49,30;25;0,15;0
11905;32;$ 32,00;20;0,00;0
11905;41;$ 9,65;20;0,00;0
11906;43;$ 46,00;7;0,00;0
11906;75;$ 7,75;20;0,00;0
11907;56;$ 38,00;30;0,00;0
11908;35;$ 18,00;20;0,00;0
11908;51;$ 53,00;6;0,00;0
11909;62;$ 49,30;3;0,00;0
11909;70;$ 15,00;6;0,00;0
11910;11;$ 21,00;20;0,10;0
11910;57;$ 19,50;15;0,00;0
11910;59;$ 55,00;40;0,10;0
11910;77;$ 13,00;15;0,10;0
11911;41;$ 9,65;12;0,00;0
11911;70;$ 15,00;9;0,00;0
11912;26;$ 31,23;12;0,00;0
11912;53;$ 32,80;20;0,00;0
11913;31;$ 12,50;35;0,00;0
11913;57;$ 19,50;15;0,00;0
11914;10;$ 31,00;15;0,00;0
11914;39;$ 18,00;21;0,00;0
11915;20;$ 81,00;5;0,00;0
11915;38;$ 263,50;2;0,00;0
11916;2;$ 19,00;10;0,00;0
11916;8;$ 40,00;20;0,00;0
11916;13;$ 6,00;10;0,00;0
11916;60;$ 34,00;21;0,00;0
11917;6;$ 25,00;6;0,00;0
11917;39;$ 18,00;28;0,00;0
11917;60;$ 34,00;30;0,00;0
11917;68;$ 12,50;24;0,00;0
11918;19;$ 9,20;2;0,00;0
11918;35;$ 18,00;8;0,00;0
11918;38;$ 263,50;8;0,00;0
11918;43;$ 46,00;9;0,00;0
11919;13;$ 6,00;3;0,20;0
11919;25;$ 14,00;10;0,20;0
11919;44;$ 19,45;16;0,20;0
11919;64;$ 33,25;3;0,00;0
11920;7;$ 30,00;20;0,10;0
11920;31;$ 12,50;9;0,10;0
11920;53;$ 32,80;9;0,10;0
11921;29;$ 123,79;8;0,05;0
11921;30;$ 25,89;20;0,05;0
11922;59;$ 55,00;15;0,00;0
11922;77;$ 13,00;2;0,20;0
11923;22;$ 21,00;52;0,00;0
11923;35;$ 18,00;6;0,00;0
11923;57;$ 19,50;24;0,00;0
11923;60;$ 34,00;60;0,00;0
11923;64;$ 33,25;30;0,00;0
11924;13;$ 6,00;6;0,00;0
11924;40;$ 18,40;25;0,00;0
11924;47;$ 9,50;40;0,25;0
11924;76;$ 18,00;21;0,25;0
11925;1;$ 18,00;4;0,25;0
11925;18;$ 62,50;25;0,25;0
11925;36;$ 19,00;50;0,25;0
11926;58;$ 13,25;30;0,10;0
11926;72;$ 34,80;15;0,10;0
11927;25;$ 14,00;6;0,20;0
11927;39;$ 18,00;10;0,20;0
11928;10;$ 31,00;16;0,00;0
11928;56;$ 38,00;30;0,00;0
11928;59;$ 55,00;50;0,00;0
11928;77;$ 13,00;15;0,00;0
11929;11;$ 21,00;15;0,00;0
11929;43;$ 46,00;5;0,00;0
11929;68;$ 12,50;20;0,00;0
11929;70;$ 15,00;12;0,00;0
11930;51;$ 53,00;4;0,25;0
11931;22;$ 21,00;35;0,00;0
11932;23;$ 9,00;70;0,10;0
11932;35;$ 18,00;25;0,10;0
11932;42;$ 14,00;42;0,10;0
11932;58;$ 13,25;60;0,10;0
11932;64;$ 33,25;48;0,00;0
11933;4;$ 22,00;21;0,00;0
11933;70;$ 15,00;30;0,00;0
11933;74;$ 10,00;20;0,00;0
11934;1;$ 18,00;80;0,20;0
11934;19;$ 9,20;12;0,20;0
11934;37;$ 26,00;60;0,20;0
11934;45;$ 9,50;36;0,20;0
11934;60;$ 34,00;45;0,20;0
11934;71;$ 21,50;55;0,20;0
11935;5;$ 21,35;30;0,00;0
11935;9;$ 97,00;3;0,00;0
11936;3;$ 10,00;49;0,00;0
11936;26;$ 31,23;18;0,15;0
11937;25;$ 14,00;20;0,15;0
11937;33;$ 2,50;4;0,15;0
11937;70;$ 15,00;30;0,15;0
11938;2;$ 19,00;5;0,05;0
11938;25;$ 14,00;10;0,05;0
11938;57;$ 19,50;10;0,05;0
11938;59;$ 55,00;42;0,05;0
11939;2;$ 19,00;15;0,00;0
11939;17;$ 39,00;6;0,00;0
11939;62;$ 49,30;50;0,00;0
11940;18;$ 62,50;10;0,00;0
11941;10;$ 31,00;100;0,15;0
11941;13;$ 6,00;65;0,15;0
11942;16;$ 17,45;50;0,00;0
11942;31;$ 12,50;14;0,00;0
11942;56;$ 38,00;24;0,00;0
11942;65;$ 21,05;15;0,15;0
11943;2;$ 19,00;20;0,00;0
11943;42;$ 14,00;20;0,00;0
11944;3;$ 10,00;30;0,00;0
11944;26;$ 31,23;35;0,25;0
11944;29;$ 123,79;10;0,25;0
11945;7;$ 30,00;5;0,00;0
11945;27;$ 43,90;10;0,00;0
11945;70;$ 15,00;4;0,00;0
11946;24;$ 4,50;40;0,25;0
11946;54;$ 7,45;35;0,25;0
11946;64;$ 33,25;30;0,25;0
11947;51;$ 53,00;3;0,00;0
11947;76;$ 18,00;20;0,00;0
11948;17;$ 39,00;42;0,00;0
11948;18;$ 62,50;20;0,00;0
11948;21;$ 10,00;40;0,00;0
11948;33;$ 2,50;35;0,00;0
11948;62;$ 49,30;3;0,00;0
11949;11;$ 21,00;25;0,00;0
11949;52;$ 7,00;8;0,00;0
11950;1;$ 18,00;20;0,15;0
11950;58;$ 13,25;12;0,15;0
11951;35;$ 18,00;4;0,00;0
11951;67;$ 14,00;15;0,00;0
11952;38;$ 263,50;60;0,05;0
11952;39;$ 18,00;80;0,05;0
11953;2;$ 19,00;21;0,25;0
11953;24;$ 4,50;6;0,25;0
11953;30;$ 25,89;40;0,25;0
11954;53;$ 32,80;3;0,00;0
11955;26;$ 31,23;20;0,00;0
11955;35;$ 18,00;30;0,00;0
11955;49;$ 20,00;42;0,10;0
11956;1;$ 18,00;40;0,00;0
11956;11;$ 21,00;10;0,00;0
11956;23;$ 9,00;50;0,00;0
11956;68;$ 12,50;20;0,00;0
11957;35;$ 18,00;3;0,00;0
11957;51;$ 53,00;2;0,00;0
11958;6;$ 25,00;50;0,05;0
11958;16;$ 17,45;12;0,05;0
11958;17;$ 39,00;16;0,05;0
11959;55;$ 24,00;10;0,05;0
11959;62;$ 49,30;20;0,05;0
11959;64;$ 33,25;15;0,05;0
11959;65;$ 21,05;21;0,05;0
11960;21;$ 10,00;20;0,00;0
11960;28;$ 45,60;3;0,00;0
11961;10;$ 31,00;10;0,00;0
11962;19;$ 9,20;25;0,00;0
11962;47;$ 9,50;21;0,10;0
11962;49;$ 20,00;15;0,00;0
11963;46;$ 12,00;21;0,00;0
11963;64;$ 33,25;20;0,00;0
11964;16;$ 17,45;30;0,25;0
11964;18;$ 62,50;25;0,00;0
11965;20;$ 81,00;20;0,05;0
11966;40;$ 18,40;12;0,00;0
11966;65;$ 21,05;10;0,00;0
11966;76;$ 18,00;10;0,00;0
11967;23;$ 9,00;30;0,20;0
11967;61;$ 28,50;30;0,20;0
11967;70;$ 15,00;50;0,20;0
11968;73;$ 15,00;10;0,00;0
11969;42;$ 14,00;25;0,00;0
11969;49;$ 20,00;20;0,15;0
11969;54;$ 7,45;32;0,15;0
11970;24;$ 4,50;8;0,00;0
11971;21;$ 10,00;40;0,05;0
11971;56;$ 38,00;21;0,05;0
11971;65;$ 21,05;12;0,05;0
11972;2;$ 19,00;20;0,00;0
11972;24;$ 4,50;12;0,00;0
11972;70;$ 15,00;30;0,00;0
11972;77;$ 13,00;25;0,00;0
11973;10;$ 31,00;70;0,00;0
11973;31;$ 12,50;35;0,00;0
11973;77;$ 13,00;40;0,00;0
11974;25;$ 14,00;5;0,00;0
11975;2;$ 19,00;20;0,00;0
11975;68;$ 12,50;18;0,00;0
11976;11;$ 21,00;40;0,00;0
11976;38;$ 263,50;40;0,00;0
11977;17;$ 39,00;15;0,00;0
11977;34;$ 14,00;10;0,00;0
11977;41;$ 9,65;14;0,00;0
11978;30;$ 25,89;15;0,05;0
11979;59;$ 55,00;40;0,05;0
11980;8;$ 40,00;30;0,00;0
11980;24;$ 4,50;10;0,00;0
11980;29;$ 123,79;24;0,00;0
11980;30;$ 25,89;35;0,00;0
11980;36;$ 19,00;20;0,00;0
11981;13;$ 6,00;28;0,05;0
11981;69;$ 36,00;50;0,05;0
11981;75;$ 7,75;120;0,05;0
11982;24;$ 4,50;110;0,00;0
11982;39;$ 18,00;45;0,00;0
11982;40;$ 18,40;91;0,00;0
11982;60;$ 34,00;100;0,00;0
11983;45;$ 9,50;15;0,00;0
11983;56;$ 38,00;16;0,00;0
11984;29;$ 123,79;80;0,00;0
11984;30;$ 25,89;36;0,00;0
11985;13;$ 6,00;5;0,00;0
11986;39;$ 18,00;8;0,15;0
11987;70;$ 15,00;3;0,25;0
11988;41;$ 9,65;30;0,00;0
11988;71;$ 21,50;30;0,00;0
11989;55;$ 24,00;30;0,15;0
11989;62;$ 49,30;6;0,15;0
11990;13;$ 6,00;40;0,00;0
11990;65;$ 21,05;21;0,00;0
11990;68;$ 12,50;20;0,00;0
11991;58;$ 13,25;15;0,00;0
11991;62;$ 49,30;35;0,00;0
11992;1;$ 18,00;20;0,05;0
11993;61;$ 28,50;15;0,00;0
11994;75;$ 7,75;14;0,00;0
11995;7;$ 30,00;20;0,05;0
11995;52;$ 7,00;14;0,05;0
11996;7;$ 30,00;12;0,00;0
11996;16;$ 17,45;15;0,00;0
11996;41;$ 9,65;5;0,00;0
11997;19;$ 9,20;12;0,00;0
11997;49;$ 20,00;10;0,00;0
11997;61;$ 28,50;5;0,00;0
11998;1;$ 18,00;10;0,00;0
11998;17;$ 39,00;12;0,00;0
11998;67;$ 14,00;15;0,00;0
11999;11;$ 21,00;40;0,25;0
11999;29;$ 123,79;60;0,25;0
12000;4;$ 22,00;30;0,25;0
12000;33;$ 2,50;40;0,25;0
12000;58;$ 13,25;15;0,00;0
12001;71;$ 21,50;25;0,00;0
12002;17;$ 39,00;10;0,00;0
12002;33;$ 2,50;30;0,00;0
12002;54;$ 7,45;10;0,00;0
12003;16;$ 17,45;6;0,00;0
12003;32;$ 32,00;6;0,00;0
12003;57;$ 19,50;20;0,00;0
12004;30;$ 25,89;1;0,00;0
12004;60;$ 34,00;10;0,00;0
12005;1;$ 18,00;60;0,25;0
12005;60;$ 34,00;25;0,25;0
12006;16;$ 17,45;24;0,00;0
12006;25;$ 14,00;24;0,00;0
12006;40;$ 18,40;20;0,00;0
12007;50;$ 16,25;24;0,00;0
12008;35;$ 18,00;10;0,00;0
12008;63;$ 43,90;40;0,00;0
12009;17;$ 39,00;15;0,00;0
12009;24;$ 4,50;35;0,00;0
12010;42;$ 14,00;10;0,20;0
12010;43;$ 46,00;10;0,20;0
12010;67;$ 14,00;24;0,20;0
12011;10;$ 31,00;20;0,10;0
12011;28;$ 45,60;30;0,10;0
12011;75;$ 7,75;6;0,00;0
12012;36;$ 19,00;25;0,15;0
12012;52;$ 7,00;12;0,15;0
12013;11;$ 21,00;2;0,00;0
12013;13;$ 6,00;10;0,00;0
12013;19;$ 9,20;7;0,00;0
12013;72;$ 34,80;10;0,00;0
12014;20;$ 81,00;5;0,00;0
12014;52;$ 7,00;5;0,00;0
12014;76;$ 18,00;20;0,00;0
12015;47;$ 9,50;5;0,00;0
12015;76;$ 18,00;5;0,00;0
12016;21;$ 10,00;60;0,00;0
12016;75;$ 7,75;49;0,00;0
12016;77;$ 13,00;15;0,00;0
12017;21;$ 10,00;36;0,00;0
12017;27;$ 43,90;25;0,00;0
12017;55;$ 24,00;25;0,20;0
12017;58;$ 13,25;30;0,20;0
12018;13;$ 6,00;42;0,15;0
12018;57;$ 19,50;30;0,00;0
12019;16;$ 17,45;30;0,10;0
12019;62;$ 49,30;14;0,10;0
12019;72;$ 34,80;16;0,00;0
12019;75;$ 7,75;20;0,10;0
12020;53;$ 32,80;2;0,00;0
12020;61;$ 28,50;30;0,00;0
12021;6;$ 25,00;20;0,00;0
12022;1;$ 18,00;21;0,00;0
12022;18;$ 62,50;4;0,25;0
12022;23;$ 9,00;8;0,25;0
12023;36;$ 19,00;30;0,20;0
12024;28;$ 45,60;8;0,00;0
12024;34;$ 14,00;20;0,00;0
12025;13;$ 6,00;20;0,25;0
12025;43;$ 46,00;24;0,25;0
12025;60;$ 34,00;49;0,25;0
12025;71;$ 21,50;35;0,25;0
12026;2;$ 19,00;10;0,15;0
12026;67;$ 14,00;40;0,15;0
12027;7;$ 30,00;8;0,00;0
12027;13;$ 6,00;20;0,00;0
12028;31;$ 12,50;44;0,25;0
12028;62;$ 49,30;30;0,25;0
12028;68;$ 12,50;80;0,25;0
12028;72;$ 34,80;50;0,00;0
12029;49;$ 20,00;28;0,00;0
12030;13;$ 6,00;15;0,00;0
12030;22;$ 21,00;21;0,00;0
12030;46;$ 12,00;15;0,00;0
12031;11;$ 21,00;5;0,25;0
12031;44;$ 19,45;18;0,25;0
12031;56;$ 38,00;18;0,00;0
12032;13;$ 6,00;20;0,00;0
12032;31;$ 12,50;10;0,00;0
12033;10;$ 31,00;25;0,00;0
12033;24;$ 4,50;25;0,00;0
12033;77;$ 13,00;40;0,00;0
12034;59;$ 55,00;4;0,00;0
12035;50;$ 16,25;9;0,00;0
12035;51;$ 53,00;40;0,00;0
12035;55;$ 24,00;4;0,00;0
12036;6;$ 25,00;12;0,00;0
12036;10;$ 31,00;30;0,00;0
12036;17;$ 39,00;6;0,00;0
12036;62;$ 49,30;60;0,00;0
12037;4;$ 22,00;5;0,00;0
12038;33;$ 2,50;15;0,05;0
12038;41;$ 9,65;6;0,05;0
12038;75;$ 7,75;50;0,05;0
12039;6;$ 25,00;16;0,05;0
12039;28;$ 45,60;2;0,00;0
12040;20;$ 81,00;50;0,05;0
12040;31;$ 12,50;50;0,05;0
12041;16;$ 17,45;28;0,15;0
12041;31;$ 12,50;25;0,15;0
12041;45;$ 9,50;30;0,00;0
12041;60;$ 34,00;24;0,15;0
12042;75;$ 7,75;12;0,20;0
12043;21;$ 10,00;12;0,00;0
12043;47;$ 9,50;14;0,00;0
12043;51;$ 53,00;8;0,00;0
12044;30;$ 25,89;30;0,00;0
12044;35;$ 18,00;40;0,00;0
12044;64;$ 33,25;8;0,00;0
12045;5;$ 21,35;20;0,00;0
12045;7;$ 30,00;6;0,00;0
12045;72;$ 34,80;5;0,00;0
12046;75;$ 7,75;20;0,15;0
12047;24;$ 4,50;10;0,25;0
12047;41;$ 9,65;24;0,00;0
12048;52;$ 7,00;6;0,05;0
12048;76;$ 18,00;60;0,00;0
12049;7;$ 30,00;45;0,00;0
12049;13;$ 6,00;77;0,00;0
12049;53;$ 32,80;20;0,00;0
12049;69;$ 36,00;9;0,00;0
12049;76;$ 18,00;44;0,00;0
12050;60;$ 34,00;2;0,15;0
12051;18;$ 62,50;6;0,00;0
12051;38;$ 263,50;5;0,00;0
12051;69;$ 36,00;10;0,00;0
12052;51;$ 53,00;16;0,00;0
12053;37;$ 26,00;8;0,00;0
12053;56;$ 38,00;12;0,15;0
12053;62;$ 49,30;12;0,15;0
12054;19;$ 9,20;12;0,00;0
12054;49;$ 20,00;40;0,00;0
12055;12;$ 38,00;30;0,00;0
12055;24;$ 4,50;30;0,00;0
12055;64;$ 33,25;4;0,00;0
12056;46;$ 12,00;9;0,00;0
12057;52;$ 7,00;40;0,20;0
12058;29;$ 123,79;14;0,00;0
12059;17;$ 39,00;6;0,00;0
12059;33;$ 2,50;7;0,00;0
12060;26;$ 31,23;5;0,00;0
12060;41;$ 9,65;6;0,00;0
12060;75;$ 7,75;10;0,00;0
12061;63;$ 43,90;10;0,00;0
12062;8;$ 40,00;16;0,00;0
12062;75;$ 7,75;10;0,00;0
12063;28;$ 45,60;20;0,00;0
12064;39;$ 18,00;30;0,00;0
12064;47;$ 9,50;30;0,00;0
12064;51;$ 53,00;10;0,00;0
12064;63;$ 43,90;20;0,00;0
12065;8;$ 40,00;20;0,15;0
12065;21;$ 10,00;40;0,15;0
12065;40;$ 18,40;10;0,00;0
12065;44;$ 19,45;6;0,15;0
12066;7;$ 30,00;18;0,00;0
12066;12;$ 38,00;20;0,00;0
12066;24;$ 4,50;80;0,00;0
12066;27;$ 43,90;30;0,00;0
12066;31;$ 12,50;24;0,00;0
12066;63;$ 43,90;35;0,00;0
12067;75;$ 7,75;40;0,20;0
12068;38;$ 263,50;60;0,00;0
12069;7;$ 30,00;20;0,00;0
12069;43;$ 46,00;9;0,00;0
12070;13;$ 6,00;84;0,15;0
12070;57;$ 19,50;15;0,00;0
12071;16;$ 17,45;55;0,00;0
12071;24;$ 4,50;20;0,00;0
12071;36;$ 19,00;40;0,00;0
12072;16;$ 17,45;36;0,10;0
12072;18;$ 62,50;8;0,10;0
12072;32;$ 32,00;35;0,10;0
12073;11;$ 21,00;30;0,00;0
12073;20;$ 81,00;15;0,00;0
12073;76;$ 18,00;10;0,00;0
12073;77;$ 13,00;15;0,00;0
12074;7;$ 30,00;60;0,00;0
12074;43;$ 46,00;6;0,00;0
12074;72;$ 34,80;20;0,00;0
12075;7;$ 30,00;60;0,00;0
12075;62;$ 49,30;40;0,10;0
12076;6;$ 25,00;40;0,00;0
12076;11;$ 21,00;15;0,00;0
12076;41;$ 9,65;4;0,00;0
12077;21;$ 10,00;65;0,00;0
12077;34;$ 14,00;60;0,15;0
12077;55;$ 24,00;65;0,15;0
12077;61;$ 28,50;66;0,15;0
12078;2;$ 19,00;50;0,20;0
12078;70;$ 15,00;20;0,20;0
12078;76;$ 18,00;90;0,20;0
12079;72;$ 34,80;2;0,00;0
12080;29;$ 123,79;50;0,25;0
12080;41;$ 9,65;35;0,25;0
12081;59;$ 55,00;18;0,05;0
12082;51;$ 53,00;20;0,00;0
12082;60;$ 34,00;4;0,00;0
12083;42;$ 14,00;40;0,00;0
12084;32;$ 32,00;50;0,00;0
12084;46;$ 12,00;20;0,25;0
12084;52;$ 7,00;20;0,25;0
12085;24;$ 4,50;12;0,00;0
12085;61;$ 28,50;7;0,00;0
12085;74;$ 10,00;20;0,00;0
12085;75;$ 7,75;30;0,00;0
12086;41;$ 9,65;20;0,05;0
12086;51;$ 53,00;15;0,05;0
12086;77;$ 13,00;21;0,05;0
12087;4;$ 22,00;25;0,25;0
12087;24;$ 4,50;30;0,25;0
12087;77;$ 13,00;30;0,00;0
12088;7;$ 30,00;60;0,00;0
12088;22;$ 21,00;25;0,00;0
12088;46;$ 12,00;25;0,00;0
12088;55;$ 24,00;6;0,00;0
12089;13;$ 6,00;56;0,00;0
12089;35;$ 18,00;15;0,15;0
12089;42;$ 14,00;24;0,15;0
12089;55;$ 24,00;40;0,00;0
12090;1;$ 18,00;4;0,00;0
12090;40;$ 18,40;10;0,00;0
12090;52;$ 7,00;10;0,00;0
12091;26;$ 31,23;6;0,00;0
12091;76;$ 18,00;6;0,00;0
12092;1;$ 18,00;2;0,00;0
12092;59;$ 55,00;10;0,00;0
12093;1;$ 18,00;8;0,00;0
12093;29;$ 123,79;2;0,25;0
12094;8;$ 40,00;30;0,00;0
12094;29;$ 123,79;10;0,00;0
12094;42;$ 14,00;14;0,00;0
12095;28;$ 45,60;70;0,05;0
12095;34;$ 14,00;90;0,05;0
12095;71;$ 21,50;21;0,00;0
12096;24;$ 4,50;12;0,00;0
12096;36;$ 19,00;18;0,25;0
12096;60;$ 34,00;9;0,00;0
12097;7;$ 30,00;20;0,00;0
12097;24;$ 4,50;10;0,00;0
12098;58;$ 13,25;40;0,05;0
12098;71;$ 21,50;20;0,00;0
12099;19;$ 9,20;50;0,05;0
12099;60;$ 34,00;36;0,05;0
12099;71;$ 21,50;60;0,05;0
12100;23;$ 9,00;10;0,00;0
12100;42;$ 14,00;4;0,00;0
12100;45;$ 9,50;20;0,00;0
12100;68;$ 12,50;2;0,00;0
12101;41;$ 9,65;28;0,10;0
12102;30;$ 25,89;15;0,00;0
12102;77;$ 13,00;18;0,00;0
12103;31;$ 12,50;15;0,00;0
12103;36;$ 19,00;16;0,00;0
12104;3;$ 10,00;25;0,00;0
12104;59;$ 55,00;110;0,00;0
12104;70;$ 15,00;30;0,00;0
12105;12;$ 38,00;20;0,00;0
12105;18;$ 62,50;10;0,00;0
12105;56;$ 38,00;5;0,00;0
12106;46;$ 12,00;3;0,00;0
12106;49;$ 20,00;2;0,00;0
12107;10;$ 31,00;24;0,15;0
12108;2;$ 19,00;11;0,25;0
12108;20;$ 81,00;15;0,00;0
12108;26;$ 31,23;63;0,00;0
12108;51;$ 53,00;44;0,25;0
12108;72;$ 34,80;35;0,00;0
12109;19;$ 9,20;35;0,00;0
12109;69;$ 36,00;30;0,00;0
12110;7;$ 30,00;4;0,00;0
12110;43;$ 46,00;30;0,00;0
12111;26;$ 31,23;12;0,00;0
12111;33;$ 2,50;30;0,00;0
12111;65;$ 21,05;21;0,00;0
12111;71;$ 21,50;50;0,00;0
12112;1;$ 18,00;10;0,10;0
12112;13;$ 6,00;20;0,10;0
12113;18;$ 62,50;8;0,00;0
12113;51;$ 53,00;10;0,00;0
12114;24;$ 4,50;30;0,25;0
12114;62;$ 49,30;21;0,25;0
12115;55;$ 24,00;35;0,00;0
12115;59;$ 55,00;24;0,00;0
12116;56;$ 38,00;20;0,00;0
12116;63;$ 43,90;12;0,00;0
12117;2;$ 19,00;100;0,25;0
12117;5;$ 21,35;70;0,00;0
12117;29;$ 123,79;60;0,25;0
12117;59;$ 55,00;100;0,25;0
12118;1;$ 18,00;45;0,00;0
12118;13;$ 6,00;80;0,00;0
12118;24;$ 4,50;21;0,00;0
12118;64;$ 33,25;20;0,00;0
12118;71;$ 21,50;16;0,00;0
12119;36;$ 19,00;35;0,00;0
12119;38;$ 263,50;25;0,00;0
12119;59;$ 55,00;30;0,00;0
12120;53;$ 32,80;70;0,10;0
12120;69;$ 36,00;36;0,10;0
12121;21;$ 10,00;15;0,10;0
12121;44;$ 19,45;12;0,00;0
12121;61;$ 28,50;6;0,00;0
12122;1;$ 18,00;10;0,00;0
12122;35;$ 18,00;60;0,00;0
12122;42;$ 14,00;30;0,00;0
12122;54;$ 7,45;10;0,00;0
12123;13;$ 6,00;7;0,00;0
12123;59;$ 55,00;30;0,00;0
12124;70;$ 15,00;4;0,00;0
12125;40;$ 18,40;5;0,20;0
12125;52;$ 7,00;2;0,00;0
12125;71;$ 21,50;30;0,00;0
12126;28;$ 45,60;20;0,00;0
12126;35;$ 18,00;24;0,00;0
12126;49;$ 20,00;60;0,00;0
12126;57;$ 19,50;28;0,00;0
12127;21;$ 10,00;20;0,00;0
12128;2;$ 19,00;30;0,20;0
12128;63;$ 43,90;30;0,00;0
12129;44;$ 19,45;15;0,00;0
12129;61;$ 28,50;4;0,00;0
12130;11;$ 21,00;10;0,00;0
12131;62;$ 49,30;12;0,00;0
12132;33;$ 2,50;15;0,00;0
12132;51;$ 53,00;24;0,00;0
12133;12;$ 38,00;20;0,05;0
12133;32;$ 32,00;15;0,05;0
12133;35;$ 18,00;18;0,05;0
12134;1;$ 18,00;25;0,25;0
12134;5;$ 21,35;30;0,25;0
12135;68;$ 12,50;42;0,00;0
12136;2;$ 19,00;10;0,20;0
12136;12;$ 38,00;4;0,20;0
12137;76;$ 18,00;50;0,10;0
12138;24;$ 4,50;10;0,20;0
12139;43;$ 46,00;30;0,20;0
12139;61;$ 28,50;10;0,20;0
12140;18;$ 62,50;35;0,20;0
12140;32;$ 32,00;20;0,00;0
12140;64;$ 33,25;25;0,20;0
12141;33;$ 2,50;10;0,00;0
12141;67;$ 14,00;20;0,00;0
12142;24;$ 4,50;15;0,00;0
12142;25;$ 14,00;15;0,00;0
12142;51;$ 53,00;20;0,00;0
12142;57;$ 19,50;20;0,00;0
12143;7;$ 30,00;40;0,00;0
12143;55;$ 24,00;35;0,00;0
12143;60;$ 34,00;50;0,00;0
12144;70;$ 15,00;3;0,00;0
12145;21;$ 10,00;3;0,00;0
12145;60;$ 34,00;21;0,00;0
12145;61;$ 28,50;4;0,00;0
12146;13;$ 6,00;30;0,00;0
12146;17;$ 39,00;12;0,00;0
12146;60;$ 34,00;35;0,00;0
12147;60;$ 34,00;4;0,00;0
12147;77;$ 13,00;10;0,00;0
12148;60;$ 34,00;15;0,00;0
12149;53;$ 32,80;10;0,20;0
12149;70;$ 15,00;12;0,20;0
12150;34;$ 14,00;30;0,00;0
12150;40;$ 18,40;40;0,10;0
12150;41;$ 9,65;30;0,10;0
12151;17;$ 39,00;77;0,10;0
12151;41;$ 9,65;12;0,00;0
12151;53;$ 32,80;25;0,10;0
12151;55;$ 24,00;4;0,10;0
12151;68;$ 12,50;55;0,00;0
12152;30;$ 25,89;4;0,25;0
12152;54;$ 7,45;20;0,25;0
12153;16;$ 17,45;3;0,00;0
12153;19;$ 9,20;42;0,00;0
12153;34;$ 14,00;35;0,00;0
12154;41;$ 9,65;9;0,00;0
12155;28;$ 45,60;8;0,15;0
12155;43;$ 46,00;36;0,15;0
12155;77;$ 13,00;28;0,15;0
12156;39;$ 18,00;20;0,00;0
12157;1;$ 18,00;40;0,15;0
12157;2;$ 19,00;20;0,15;0
12157;16;$ 17,45;30;0,15;0
12157;31;$ 12,50;20;0,00;0
12158;7;$ 30,00;15;0,05;0
12158;13;$ 6,00;10;0,05;0
12159;2;$ 19,00;8;0,00;0
12159;41;$ 9,65;40;0,00;0
12159;50;$ 16,25;22;0,00;0
12159;64;$ 33,25;130;0,00;0
12160;11;$ 21,00;10;0,00;0
12160;24;$ 4,50;20;0,00;0
12161;16;$ 17,45;14;0,05;0
12162;2;$ 19,00;10;0,15;0
12162;46;$ 12,00;30;0,15;0
12162;76;$ 18,00;2;0,15;0
12163;6;$ 25,00;20;0,25;0
12163;14;$ 23,25;20;0,25;0
12163;19;$ 9,20;10;0,25;0
12164;2;$ 19,00;24;0,20;0
12164;3;$ 10,00;4;0,00;0
12164;4;$ 22,00;1;0,00;0
12164;6;$ 25,00;1;0,02;0
12164;7;$ 30,00;1;0,05;0
12164;8;$ 40,00;2;0,10;0
12164;10;$ 31,00;1;0,00;0
12164;12;$ 38,00;2;0,05;0
12164;13;$ 6,00;4;0,00;0
12164;14;$ 23,25;1;0,03;0
12164;16;$ 17,45;2;0,03;0
12164;20;$ 81,00;1;0,04;0
12164;23;$ 9,00;2;0,00;0
12164;32;$ 32,00;1;0,00;0
12164;39;$ 18,00;2;0,05;0
12164;41;$ 9,65;3;0,00;0
12164;46;$ 12,00;3;0,02;0
12164;52;$ 7,00;2;0,00;0
12164;55;$ 24,00;2;0,00;0
12164;60;$ 34,00;2;0,06;0
12164;64;$ 33,25;2;0,03;0
12164;66;$ 17,00;1;0,00;0
12164;73;$ 15,00;2;0,01;0
12164;75;$ 7,75;4;0,00;0
12164;77;$ 13,00;2;0,00;0
12264;16;$ 13,90;56;0,05;0
12264;31;$ 10,00;70;0,05;0
12264;60;$ 27,20;80;0,05;0
12265;28;$ 36,40;30;0,00;0
12265;29;$ 99,00;35;0,00;0
12266;38;$ 210,80;10;0,00;0
12266;49;$ 16,00;35;0,00;0
12266;54;$ 5,90;28;0,00;0
12267;25;$ 11,20;50;0,00;0
12267;39;$ 14,40;54;0,10;0
12267;60;$ 27,20;55;0,10;0
12268;31;$ 10,00;20;0,00;0
12268;51;$ 42,40;20;0,00;0
12268;54;$ 5,90;24;0,00;0
12269;69;$ 28,80;30;0,00;0
12269;75;$ 6,20;12;0,00;0
12269;76;$ 14,40;12;0,00;0
12270;11;$ 16,80;24;0,00;0
12270;65;$ 16,80;5;0,00;0
12270;71;$ 17,20;5;0,00;0
12271;34;$ 11,20;36;0,00;0
12271;54;$ 5,90;18;0,00;0
12271;65;$ 16,80;15;0,00;0
12271;77;$ 10,40;5;0,00;0
12272;21;$ 8,00;5;0,10;0
12272;77;$ 10,40;7;0,00;0
12273;28;$ 36,40;13;0,10;0
12273;57;$ 15,60;25;0,00;0
12273;64;$ 26,60;35;0,10;0
12274;1;$ 14,40;15;0,15;0
12274;29;$ 99,00;20;0,00;0
12274;56;$ 30,40;18;0,25;0
12275;64;$ 26,60;30;0,00;0
12275;74;$ 8,00;20;0,15;0
12276;20;$ 64,80;12;0,25;0
12276;36;$ 15,20;6;0,20;0
12276;38;$ 210,80;40;0,25;0
12276;60;$ 27,20;70;0,25;0
12277;58;$ 10,60;80;0,20;0
12277;72;$ 27,80;42;0,25;0
12278;31;$ 10,00;30;0,00;0
12278;58;$ 10,60;15;0,00;0
12278;71;$ 17,20;50;0,20;0
12279;14;$ 18,60;15;0,00;0
12279;28;$ 36,40;20;0,15;0
12279;31;$ 10,00;42;0,05;0
12279;54;$ 5,90;10;0,00;0
12280;39;$ 14,40;20;0,15;0
12280;71;$ 17,20;6;0,00;0
12281;41;$ 7,70;8;0,10;0
12281;63;$ 35,10;16;0,10;0
12282;65;$ 16,80;20;0,10;0
12283;30;$ 20,70;18;0,10;0
12283;53;$ 26,20;20;0,10;0
12283;60;$ 27,20;6;0,10;0
12284;70;$ 12,00;30;0,00;0
12284;74;$ 8,00;14;0,00;0
12285;5;$ 17,00;32;0,00;0
12285;18;$ 50,00;9;0,00;0
12286;29;$ 99,00;14;0,00;0
12286;33;$ 2,00;60;0,00;0
12287;74;$ 8,00;50;0,00;0
12288;13;$ 4,80;20;0,00;0
12288;50;$ 13,00;15;0,00;0
12288;56;$ 30,40;20;0,00;0
12289;7;$ 24,00;10;0,20;0
12289;16;$ 17,45;30;0,10;0
12289;20;$ 64,80;28;0,00;0
12289;60;$ 27,20;15;0,00;0
12290;62;$ 49,30;14;0,10;0
12290;72;$ 34,80;16;0,00;0
12291;53;$ 32,80;2;0,00;0
12291;75;$ 7,75;20;0,10;0
12292;6;$ 25,00;20;0,00;0
12292;61;$ 28,50;30;0,00;0
12293;1;$ 18,00;21;0,00;0
12293;18;$ 62,50;4;0,25;0
12294;23;$ 9,00;8;0,25;0
12294;28;$ 45,60;8;0,00;0
12294;34;$ 14,00;20;0,00;0
12294;36;$ 19,00;30;0,20;0
12295;13;$ 6,00;20;0,25;0
12296;43;$ 46,00;24;0,25;0
12296;60;$ 34,00;49;0,25;0
12296;71;$ 21,50;35;0,25;0
12297;2;$ 19,00;10;0,15;0
12297;7;$ 30,00;8;0,00;0
12297;67;$ 14,00;40;0,15;0
12298;13;$ 6,00;20;0,00;0
12298;31;$ 12,50;44;0,25;0
12299;49;$ 20,00;28;0,00;0
12299;62;$ 49,30;30;0,25;0
12299;68;$ 12,50;80;0,25;0
12299;72;$ 34,80;50;0,00;0
12300;11;$ 21,00;5;0,25;0
12300;13;$ 6,00;15;0,00;0
12300;22;$ 21,00;21;0,00;0
12300;46;$ 12,00;15;0,00;0
12301;13;$ 6,00;20;0,00;0
12301;44;$ 19,45;18;0,25;0
12301;56;$ 38,00;18;0,00;0
12302;10;$ 31,00;25;0,00;0
12302;31;$ 12,50;10;0,00;0
12303;24;$ 4,50;25;0,00;0
12303;59;$ 55,00;4;0,00;0
12303;77;$ 13,00;40;0,00;0
12304;50;$ 16,25;9;0,00;0
12304;51;$ 53,00;40;0,00;0
12305;6;$ 25,00;12;0,00;0
12305;55;$ 24,00;4;0,00;0
12306;4;$ 22,00;5;0,00;0
12306;10;$ 31,00;30;0,00;0
12306;17;$ 39,00;6;0,00;0
12306;62;$ 49,30;60;0,00;0
12307;33;$ 2,50;15;0,05;0
12307;41;$ 9,65;6;0,05;0
12307;75;$ 7,75;50;0,05;0
12308;6;$ 25,00;16;0,05;0
12309;16;$ 17,45;28;0,15;0
12309;20;$ 81,00;50;0,05;0
12309;28;$ 45,60;2;0,00;0
12309;31;$ 12,50;50;0,05;0
12310;21;$ 10,00;12;0,00;0
12310;31;$ 12,50;25;0,15;0
12310;45;$ 9,50;30;0,00;0
12310;60;$ 34,00;24;0,15;0
12310;75;$ 7,75;12;0,20;0
12311;55;$ 24,00;65;0,15;0
12311;61;$ 28,50;66;0,15;0
12312;2;$ 19,00;50;0,20;0
12312;70;$ 15,00;20;0,20;0
12312;76;$ 18,00;90;0,20;0
12313;72;$ 34,80;2;0,00;0
12314;29;$ 123,79;50;0,25;0
12314;41;$ 9,65;35;0,25;0
12315;59;$ 55,00;18;0,05;0
12316;51;$ 53,00;20;0,00;0
12316;60;$ 34,00;4;0,00;0
12317;42;$ 14,00;40;0,00;0
12318;32;$ 32,00;50;0,00;0
12318;46;$ 12,00;20;0,25;0
12318;52;$ 7,00;20;0,25;0
12319;24;$ 4,50;12;0,00;0
12319;61;$ 28,50;7;0,00;0
12319;74;$ 10,00;20;0,00;0
12319;75;$ 7,75;30;0,00;0
12320;41;$ 9,65;20;0,05;0
12320;51;$ 53,00;15;0,05;0
12320;77;$ 13,00;21;0,05;0
12321;4;$ 22,00;25;0,25;0
12321;24;$ 4,50;30;0,25;0
12321;77;$ 13,00;30;0,00;0
12322;7;$ 30,00;60;0,00;0
12322;22;$ 21,00;25;0,00;0
12322;46;$ 12,00;25;0,00;0
12322;55;$ 24,00;6;0,00;0
12323;13;$ 6,00;56;0,00;0
12323;35;$ 18,00;15;0,15;0
12323;42;$ 14,00;24;0,15;0
12323;55;$ 24,00;40;0,00;0
12324;1;$ 18,00;4;0,00;0
12324;40;$ 18,40;10;0,00;0
12324;52;$ 7,00;10;0,00;0
12325;26;$ 31,23;6;0,00;0
12325;76;$ 18,00;6;0,00;0
12326;1;$ 18,00;2;0,00;0
12326;59;$ 55,00;10;0,00;0
12327;1;$ 18,00;8;0,00;0
12327;29;$ 123,79;2;0,25;0
12328;8;$ 40,00;30;0,00;0
12328;29;$ 123,79;10;0,00;0
12328;42;$ 14,00;14;0,00;0
12329;28;$ 45,60;70;0,05;0
12329;34;$ 14,00;90;0,05;0
12329;71;$ 21,50;21;0,00;0
12330;24;$ 4,50;12;0,00;0
12330;36;$ 19,00;18;0,25;0
12330;60;$ 34,00;9;0,00;0
12331;7;$ 30,00;20;0,00;0
12331;24;$ 4,50;10;0,00;0
12332;58;$ 13,25;40;0,05;0
12332;71;$ 21,50;20;0,00;0
12333;19;$ 9,20;50;0,05;0
12333;60;$ 34,00;36;0,05;0
12333;71;$ 21,50;60;0,05;0
12334;23;$ 9,00;10;0,00;0
12334;42;$ 14,00;4;0,00;0
12334;45;$ 9,50;20;0,00;0
12334;68;$ 12,50;2;0,00;0
12335;41;$ 9,65;28;0,10;0
12336;30;$ 25,89;15;0,00;0
12336;77;$ 13,00;18;0,00;0
12337;31;$ 12,50;15;0,00;0
12337;36;$ 19,00;16;0,00;0
12338;3;$ 10,00;25;0,00;0
12338;59;$ 55,00;110;0,00;0
12338;70;$ 15,00;30;0,00;0
12339;12;$ 38,00;20;0,00;0
12339;18;$ 62,50;10;0,00;0
12339;56;$ 38,00;5;0,00;0
12340;46;$ 12,00;3;0,00;0
12340;49;$ 20,00;2;0,00;0
12341;10;$ 31,00;24;0,15;0
12342;2;$ 19,00;11;0,25;0
12342;20;$ 81,00;15;0,00;0
12342;26;$ 31,23;63;0,00;0
12342;51;$ 53,00;44;0,25;0
12342;72;$ 34,80;35;0,00;0
12343;19;$ 9,20;35;0,00;0
12343;69;$ 36,00;30;0,00;0
12344;7;$ 30,00;4;0,00;0
12344;43;$ 46,00;30;0,00;0
12345;26;$ 31,23;12;0,00;0
12345;33;$ 2,50;30;0,00;0
12345;65;$ 21,05;21;0,00;0
12345;71;$ 21,50;50;0,00;0
12346;1;$ 18,00;10;0,10;0
12346;13;$ 6,00;20;0,10;0
12347;18;$ 62,50;8;0,00;0
12347;51;$ 53,00;10;0,00;0
12348;24;$ 4,50;30;0,25;0
12348;62;$ 49,30;21;0,25;0
12349;55;$ 24,00;35;0,00;0
12349;59;$ 55,00;24;0,00;0
12350;56;$ 38,00;20;0,00;0
12350;63;$ 43,90;12;0,00;0
12351;2;$ 19,00;100;0,25;0
12351;5;$ 21,35;70;0,00;0
12351;29;$ 123,79;60;0,25;0
12351;59;$ 55,00;100;0,25;0
12352;1;$ 18,00;45;0,00;0
12352;13;$ 6,00;80;0,00;0
12352;24;$ 4,50;21;0,00;0
12352;64;$ 33,25;20;0,00;0
12352;71;$ 21,50;16;0,00;0
12353;36;$ 19,00;35;0,00;0
12353;38;$ 263,50;25;0,00;0
12353;59;$ 55,00;30;0,00;0
12354;53;$ 32,80;70;0,10;0
12354;69;$ 36,00;36;0,10;0
12355;21;$ 10,00;15;0,10;0
12355;44;$ 19,45;12;0,00;0
12355;61;$ 28,50;6;0,00;0
12356;1;$ 18,00;10;0,00;0
12356;35;$ 18,00;60;0,00;0
12356;42;$ 14,00;30;0,00;0
12356;54;$ 7,45;10;0,00;0
12357;13;$ 6,00;7;0,00;0
12357;59;$ 55,00;30;0,00;0
12358;70;$ 15,00;4;0,00;0
12359;40;$ 18,40;5;0,20;0
12359;52;$ 7,00;2;0,00;0
12359;71;$ 21,50;30;0,00;0
12360;28;$ 45,60;20;0,00;0
12360;35;$ 18,00;24;0,00;0
12360;49;$ 20,00;60;0,00;0
12360;57;$ 19,50;28;0,00;0
12361;21;$ 10,00;20;0,00;0
12362;2;$ 19,00;30;0,20;0
12362;63;$ 43,90;30;0,00;0
12363;44;$ 19,45;15;0,00;0
12363;61;$ 28,50;4;0,00;0
12364;11;$ 21,00;10;0,00;0
12365;62;$ 49,30;12;0,00;0
12366;33;$ 2,50;15;0,00;0
12366;51;$ 53,00;24;0,00;0
12367;12;$ 38,00;20;0,05;0
12367;32;$ 32,00;15;0,05;0
12367;35;$ 18,00;18;0,05;0
12368;1;$ 18,00;25;0,25;0
12368;5;$ 21,35;30;0,25;0
12369;68;$ 12,50;42;0,00;0
12370;2;$ 19,00;10;0,20;0
12370;12;$ 38,00;4;0,20;0
12371;76;$ 18,00;50;0,10;0
12372;24;$ 4,50;10;0,20;0
12373;43;$ 46,00;30;0,20;0
12373;61;$ 28,50;10;0,20;0
12374;18;$ 62,50;35;0,20;0
12374;32;$ 32,00;20;0,00;0
12374;64;$ 33,25;25;0,20;0
12375;33;$ 2,50;10;0,00;0
12375;67;$ 14,00;20;0,00;0
12376;24;$ 4,50;15;0,00;0
12376;25;$ 14,00;15;0,00;0
12376;51;$ 53,00;20;0,00;0
12376;57;$ 19,50;20;0,00;0
12377;7;$ 30,00;40;0,00;0
12377;55;$ 24,00;35;0,00;0
12377;60;$ 34,00;50;0,00;0
12378;70;$ 15,00;3;0,00;0
12379;21;$ 10,00;3;0,00;0
12379;60;$ 34,00;21;0,00;0
12379;61;$ 28,50;4;0,00;0
12380;13;$ 6,00;30;0,00;0
12380;17;$ 39,00;12;0,00;0
12380;60;$ 34,00;35;0,00;0
12381;60;$ 34,00;4;0,00;0
12381;77;$ 13,00;10;0,00;0
12382;60;$ 34,00;15;0,00;0
12383;53;$ 32,80;10;0,20;0
12383;70;$ 15,00;12;0,20;0
12384;34;$ 14,00;30;0,00;0
12384;40;$ 18,40;40;0,10;0
12384;41;$ 9,65;30;0,10;0
12385;17;$ 39,00;77;0,10;0
12385;41;$ 9,65;12;0,00;0
12385;53;$ 32,80;25;0,10;0
12385;55;$ 24,00;4;0,10;0
12385;68;$ 12,50;55;0,00;0
12386;30;$ 25,89;4;0,25;0
12386;54;$ 7,45;20;0,25;0
12387;16;$ 17,45;3;0,00;0
12387;19;$ 9,20;42;0,00;0
12387;34;$ 14,00;35;0,00;0
12406;41;$ 9,65;9;0,00;0
12407;28;$ 45,60;8;0,15;0
12407;43;$ 46,00;36;0,15;0
12407;77;$ 13,00;28;0,15;0
12408;39;$ 18,00;20;0,00;0
12409;1;$ 18,00;40;0,15;0
12409;2;$ 19,00;20;0,15;0
12409;16;$ 17,45;30;0,15;0
12409;31;$ 12,50;20;0,00;0
12410;7;$ 30,00;15;0,05;0
12410;13;$ 6,00;10;0,05;0
12411;2;$ 19,00;8;0,00;0
12411;41;$ 9,65;40;0,00;0
12411;50;$ 16,25;22;0,00;0
12411;64;$ 33,25;130;0,00;0
12412;11;$ 21,00;10;0,00;0
12412;24;$ 4,50;20;0,00;0
12413;16;$ 17,45;14;0,05;0
12414;2;$ 19,00;10;0,15;0
12414;46;$ 12,00;30;0,15;0
12414;76;$ 18,00;2;0,15;0
12415;6;$ 25,00;20;0,25;0
12415;14;$ 23,25;20;0,25;0
12415;19;$ 9,20;10;0,25;0
12416;2;$ 19,00;24;0,20;0
12416;3;$ 10,00;4;0,00;0
12416;4;$ 22,00;1;0,00;0
12416;6;$ 25,00;1;0,02;0
12416;7;$ 30,00;1;0,05;0
12416;8;$ 40,00;2;0,10;0
12416;10;$ 31,00;1;0,00;0
12416;12;$ 38,00;2;0,05;0
12416;13;$ 6,00;4;0,00;0
12416;14;$ 23,25;1;0,03;0
12417;16;$ 17,45;2;0,03;0
12418;20;$ 81,00;1;0,04;0
12419;23;$ 9,00;2;0,00;0
12420;32;$ 32,00;1;0,00;0
12421;39;$ 18,00;2;0,05;0
12421;41;$ 9,65;3;0,00;0
12421;46;$ 12,00;3;0,02;0
